Transacion Id,Date,customer_id,product_category,Gender,region,quantity,Price per unit,discount,payment_method,delivery_days,customer_rating,Total Amount,Age
10001,01-01-2022,1102,Beauty,Male,South,7,373.65,0.28,Wallet,10,4.7,1883.2,33
10002,01-02-2022,1435,Clothing,Male,South,7,47.74,0.09,Card,6,3.9,304.1,48
10003,01-03-2022,1860,Beauty,Female,East,3,311.28,0.31,COD,6,2.5,644.35,73
10004,01-04-2022,1270,Electronics,Male,West,5,524.47,0.02,Wallet,6,1.6,2569.9,31
10005,01-05-2022,1106,Clothing,Female,West,5,139.87,0.33,Wallet,4,4.9,468.56,41
10006,01-06-2022,1071,Electronics,Male,West,2,264.44,0.2,Card,3,3.3,423.1,53
10007,01-07-2022,1700,Clothing,Male,South,6,564.6,0.23,Card,1,1.8,2608.45,19
10008,01-08-2022,1020,Beauty,Female,North,6,265.71,0.13,Card,2,3.7,1387.01,34
10009,01-09-2022,1614,Clothing,Female,South,6,224.65,0.27,Card,2,1.4,983.97,60
10010,01-10-2022,1121,Clothing,Male,West,4,272.71,0.06,Card,10,4.5,1025.39,35
10011,01-11-2022,1466,Clothing,Female,West,6,318.88,0.02,COD,7,1.4,1875.01,42
10012,01-12-2022,1214,Electronics,Female,West,3,384.71,0.14,COD,11,1.9,992.55,28
10013,1/13/2022,1330,Beauty,Female,South,7,483.41,0.3,COD,6,1.4,2368.71,26
10014,1/14/2022,1458,Clothing,Male,West,7,279.48,0.26,COD,8,1.4,1447.71,58
10015,1/15/2022,1087,Clothing,Male,East,4,493.23,0.18,Card,9,3.1,1617.79,20
10016,1/16/2022,1372,Clothing,Female,West,2,327.23,0.2,Wallet,5,3.7,523.57,23
10017,1/17/2022,1099,Clothing,Male,North,3,213.01,0.05,Wallet,11,4.2,607.08,35
10018,1/18/2022,1871,Electronics,Male,East,7,399.9,0.29,COD,3,3.8,1987.5,21
10019,1/19/2022,1663,Home,Female,West,3,434.87,0.28,Wallet,4,2.5,939.32,30
10020,1/20/2022,1130,Electronics,Female,East,7,341.46,0.23,Card,11,3.2,1840.47,24
10021,1/21/2022,1661,Home,Female,West,1,48.12,0.16,COD,8,4.7,40.42,45
10022,1/22/2022,1308,Home,Female,North,2,114.38,0.34,Card,3,2.6,150.98,32
10023,1/23/2022,1769,Home,Male,West,2,181.9,0.31,Card,2,2,251.02,30
10024,1/24/2022,1343,Clothing,Female,East,1,180.34,0.23,Card,7,3.1,138.86,44
10025,1/25/2022,1491,Clothing,Male,North,4,408.95,0.13,COD,4,2.2,1423.15,54
10026,1/26/2022,1413,Electronics,Female,South,7,25.73,0.22,Card,8,2,140.49,61
10027,1/27/2022,1805,Home,Male,North,7,457.07,0.2,COD,1,4.1,2559.59,47
10028,1/28/2022,1385,Electronics,Female,North,7,170.23,0.14,Card,8,4.6,1024.78,59
10029,1/29/2022,1191,Clothing,Female,North,6,196.36,0.11,Wallet,5,3,1048.56,45
10030,1/30/2022,1955,Electronics,Male,East,6,323.83,0.14,COD,2,4.1,1670.96,21
10031,1/31/2022,1276,Electronics,Female,North,6,141.32,0.2,Card,1,1.7,678.34,18
10032,02-01-2022,1160,Clothing,Female,West,6,532.42,0.15,Card,6,3.2,2715.34,28
10033,02-02-2022,1459,Electronics,Female,North,6,64.94,0.09,Wallet,9,3.5,354.57,43
10034,02-03-2022,1313,Home,Female,North,1,274.96,0.27,Card,9,3,200.72,28
10035,02-04-2022,1021,Electronics,Female,West,2,511.91,0.19,COD,9,1.5,829.29,44
10036,02-05-2022,1252,Electronics,Male,West,4,375.27,0.02,COD,11,3.9,1471.06,24
10037,02-06-2022,1747,Clothing,Female,South,3,186.01,0.13,Card,4,4.4,485.49,26
10038,02-07-2022,1856,Electronics,Male,North,6,261.14,0.31,Card,6,3.5,1081.12,28
10039,02-08-2022,1560,Electronics,Female,East,1,428.42,0.26,COD,10,1.7,317.03,43
10040,02-09-2022,1474,Home,Female,North,7,584.36,0.11,Card,6,1.3,3640.56,43
10041,02-10-2022,1058,Electronics,Male,North,4,537.49,0.33,Card,5,2.2,1440.47,29
10042,02-11-2022,1510,Home,Male,West,4,215.32,0.03,Card,2,1.1,835.44,18
10043,02-12-2022,1681,Electronics,Male,South,4,598.95,0.34,Card,7,4.4,1581.23,41
10044,2/13/2022,1475,Electronics,Male,North,1,17.05,0.09,Card,1,3.8,15.52,40
10045,2/14/2022,1699,Home,Male,East,3,31.16,0,Wallet,6,3.3,93.48,24
10046,2/15/2022,1975,Electronics,Male,North,6,496.95,0.15,COD,5,4.6,2534.44,29
10047,2/16/2022,1782,Electronics,Male,East,4,131.69,0.13,COD,5,1.4,458.28,35
10048,2/17/2022,1189,Clothing,Male,West,1,50.55,0.19,Card,8,3.9,40.95,55
10049,2/18/2022,1957,Electronics,Female,South,7,153.73,0.28,Card,9,1.6,774.8,45
10050,2/19/2022,1686,Home,Male,North,2,264.27,0.29,Wallet,7,1.2,375.26,19
10051,2/20/2022,1957,Electronics,Male,South,7,442.38,0.14,COD,10,1.5,2663.13,52
10052,2/21/2022,1562,Home,Female,North,1,380.24,0.15,Card,8,4.8,323.2,27
10053,2/22/2022,1875,Beauty,Male,East,1,154.01,0.05,Card,2,2.8,146.31,55
10054,2/23/2022,1566,Clothing,Female,South,1,309.41,0.02,COD,2,1.2,303.22,26
10055,2/24/2022,1243,Beauty,Female,North,4,556.84,0.22,Wallet,8,3.3,1737.34,51
10056,2/25/2022,1831,Clothing,Female,West,1,491.78,0.02,Card,6,1.8,481.94,19
10057,2/26/2022,1504,Beauty,Male,East,2,204.07,0.26,COD,8,1,302.02,27
10058,2/27/2022,1130,Electronics,Male,South,4,589.62,0.19,COD,9,4,1910.37,29
10059,2/28/2022,1484,Home,Female,North,7,429.54,0.07,Wallet,9,1.6,2796.31,29
10060,03-01-2022,1818,Clothing,Male,South,2,51.53,0.19,Wallet,11,4.8,83.48,33
10061,03-02-2022,1646,Clothing,Male,North,5,35.57,0.06,Card,6,3.4,167.18,25
10062,03-03-2022,1020,Clothing,Male,East,7,113.52,0.15,COD,8,1.3,675.44,50
10063,03-04-2022,1840,Home,Female,West,1,440.8,0.28,COD,2,1.9,317.38,29
10064,03-05-2022,1166,Electronics,Male,East,6,122.49,0.16,COD,8,3.4,617.35,46
10065,03-06-2022,1273,Electronics,Male,South,6,314.22,0.05,Wallet,3,2.4,1791.05,27
10066,03-07-2022,1387,Home,Male,South,4,69.56,0.25,Wallet,1,3.1,208.68,26
10067,03-08-2022,1600,Home,Female,North,6,553.72,0.07,Card,7,4.2,3089.76,22
10068,03-09-2022,1315,Beauty,Female,East,7,216.22,0.26,Card,1,4.2,1120.02,21
10069,03-10-2022,1013,Home,Male,North,4,546.26,0.17,COD,11,3.8,1813.58,27
10070,03-11-2022,1241,Beauty,Male,East,7,567.75,0.16,Card,1,4.5,3338.37,19
10071,03-12-2022,1776,Home,Female,South,1,18.59,0.3,Card,1,1.8,13.01,28
10072,3/13/2022,1345,Electronics,Male,North,3,286.52,0.25,Card,4,1.7,644.67,26
10073,3/14/2022,1564,Electronics,Male,North,3,29.42,0.01,Wallet,4,4.2,87.38,36
10074,3/15/2022,1897,Home,Female,East,2,546.59,0.1,Card,10,2.3,983.86,35
10075,3/16/2022,1339,Clothing,Female,West,1,318.27,0.3,COD,11,3,222.79,26
10076,3/17/2022,1091,Electronics,Male,East,6,58.84,0.01,Card,6,4,349.51,64
10077,3/18/2022,1366,Clothing,Female,West,1,79.51,0.19,Card,10,2.6,64.4,34
10078,3/19/2022,1955,Beauty,Male,East,5,239.35,0.25,Card,3,1.5,897.56,21
10079,3/20/2022,1454,Clothing,Female,South,3,565.04,0.22,Card,10,3.7,1322.19,53
10080,3/21/2022,1427,Clothing,Female,North,6,420.35,0.27,Wallet,6,4.3,1841.13,51
10081,3/22/2022,1508,Clothing,Male,East,7,522.56,0.25,Wallet,7,1.1,2743.44,65
10082,3/23/2022,1775,Electronics,Female,South,7,229.38,0.24,COD,11,3.3,1220.3,25
10083,3/24/2022,1942,Clothing,Male,East,3,40.28,0.29,Card,1,2.9,85.8,36
10084,3/25/2022,1034,Clothing,Male,North,1,584.98,0.23,COD,6,2,450.43,38
10085,3/26/2022,1205,Electronics,Male,East,6,25.05,0.14,Card,10,1.6,129.26,24
10086,3/27/2022,1080,Home,Female,West,2,569.38,0.17,Card,1,1.8,945.17,29
10087,3/28/2022,1931,Clothing,Female,North,7,230.68,0.25,COD,7,3.9,1211.07,31
10088,3/29/2022,1561,Home,Male,West,1,20.9,0.31,COD,10,3.1,14.42,21
10089,3/30/2022,1871,Beauty,Female,South,2,418.16,0.1,Card,5,4.9,752.69,73
10090,3/31/2022,1387,Electronics,Male,South,6,588.62,0.12,Card,10,2,3107.91,37
10091,04-01-2022,1001,Home,Female,East,3,579.89,0.33,Wallet,4,4.8,1165.58,25
10092,04-02-2022,1389,Clothing,Male,West,5,109.15,0.2,Card,1,3.1,436.6,33
10093,04-03-2022,1565,Beauty,Female,West,4,121.03,0.06,Wallet,9,1.6,455.07,31
10094,04-04-2022,1105,Electronics,Male,North,3,345.84,0.23,Wallet,7,1.6,798.89,26
10095,04-05-2022,1771,Home,Male,West,2,387.82,0.35,COD,2,3.4,504.17,27
10096,04-06-2022,1821,Clothing,Male,West,1,447.56,0.29,Card,4,4.3,317.77,21
10097,04-07-2022,1476,Electronics,Male,North,7,120.91,0.26,COD,4,4,626.31,45
10098,04-08-2022,1702,Electronics,Male,North,6,576.02,0.07,Card,8,3.6,3214.19,52
10099,04-09-2022,1401,Home,Female,West,3,388.66,0.31,Card,2,1.7,804.53,39
10100,04-10-2022,1729,Home,Male,East,7,510.52,0.18,COD,11,1.4,2930.38,25
10101,04-11-2022,1555,Electronics,Female,North,7,330.94,0.31,Card,5,1,1598.44,33
10102,04-12-2022,1161,Clothing,Male,North,5,257.35,0.12,Card,10,1.4,1132.34,38
10103,4/13/2022,1201,Clothing,Female,West,6,586.65,0.02,COD,8,4.1,3449.5,40
10104,4/14/2022,1957,Home,Female,West,2,355.54,0.17,COD,6,4.6,590.2,44
10105,4/15/2022,1995,Electronics,Female,North,6,522.12,0.09,Card,4,2,2850.78,52
10106,4/16/2022,1269,Beauty,Male,West,6,572.68,0.25,Card,5,4.2,2577.06,61
10107,4/17/2022,1862,Electronics,Female,North,1,410.08,0.33,Card,2,1.8,274.75,18
10108,4/18/2022,1815,Clothing,Male,East,4,336.13,0.24,Card,5,2,1021.84,25
10109,4/19/2022,1270,Electronics,Female,East,7,17.05,0.31,COD,3,1.9,82.35,59
10110,4/20/2022,1455,Electronics,Female,North,2,38.41,0.16,COD,3,1.2,64.53,52
10111,4/21/2022,1461,Clothing,Female,North,1,132.5,0.27,COD,7,1.8,96.72,29
10112,4/22/2022,1726,Electronics,Male,South,7,123.81,0.3,Card,3,2.5,606.67,42
10113,4/23/2022,1251,Home,Male,South,4,164.03,0.25,Card,4,2.6,492.09,19
10114,4/24/2022,1701,Electronics,Male,West,1,193.39,0.18,Card,7,2.2,158.58,30
10115,4/25/2022,1295,Clothing,Female,West,4,225.64,0.22,Card,3,3.1,704,26
10116,4/26/2022,1724,Electronics,Male,North,4,261.01,0.25,Card,10,2.5,783.03,33
10117,4/27/2022,1719,Electronics,Female,North,4,72.84,0.09,Card,10,4.9,265.14,38
10118,4/28/2022,1748,Electronics,Male,South,1,39.78,0.28,Card,2,4.2,28.64,61
10119,4/29/2022,1337,Clothing,Male,South,6,409.26,0.33,COD,10,4.7,1645.23,38
10120,4/30/2022,1878,Clothing,Female,North,4,329.34,0.16,COD,7,3.2,1106.58,50
10121,05-01-2022,1052,Clothing,Male,East,6,274.82,0.25,COD,5,3.7,1236.69,36
10122,05-02-2022,1791,Clothing,Male,East,7,386.15,0.26,Card,1,1.7,2000.26,20
10123,05-03-2022,1921,Clothing,Female,West,7,499.19,0.23,Wallet,10,4,2690.63,30
10124,05-04-2022,1216,Electronics,Male,North,2,265.2,0.19,Wallet,8,1.9,429.62,27
10125,05-05-2022,1763,Clothing,Female,North,5,390.05,0.31,Card,3,1.6,1345.67,32
10126,05-06-2022,1187,Beauty,Male,West,6,572.84,0.16,COD,11,1.2,2887.11,45
10127,05-07-2022,1379,Clothing,Male,South,7,506.18,0.02,Wallet,7,2.9,3472.39,65
10128,05-08-2022,1492,Home,Female,South,5,264.21,0.3,COD,6,2.1,924.73,23
10129,05-09-2022,1040,Electronics,Male,East,4,392.16,0.24,Card,10,4.9,1192.17,47
10130,05-10-2022,1156,Home,Female,North,5,118.59,0.3,COD,6,2,415.06,41
10131,05-11-2022,1014,Home,Female,South,5,342.91,0.05,COD,8,4.5,1628.82,29
10132,05-12-2022,1812,Clothing,Male,East,4,589.08,0.01,Card,4,2.3,2332.76,31
10133,5/13/2022,1064,Beauty,Female,East,6,318.21,0.33,Wallet,4,4,1279.2,39
10134,5/14/2022,1856,Electronics,Female,East,4,557.67,0.05,COD,3,3.6,2119.15,29
10135,5/15/2022,1838,Electronics,Female,South,2,253.29,0.28,Card,1,3.2,364.74,44
10136,5/16/2022,1520,Home,Male,South,3,599.32,0.29,COD,10,2.7,1276.55,40
10137,5/17/2022,1343,Home,Female,North,1,353.84,0.25,COD,3,3.7,265.38,22
10138,5/18/2022,1128,Electronics,Female,North,4,39.73,0.05,Card,1,2.6,150.97,33
10139,5/19/2022,1647,Electronics,Male,East,4,358.25,0.23,Card,6,3.2,1103.41,22
10140,5/20/2022,1471,Electronics,Male,East,5,175.63,0.31,Wallet,8,3.4,605.92,47
10141,5/21/2022,1062,Electronics,Male,South,2,34,0.15,COD,3,2.1,57.8,21
10142,5/22/2022,1138,Home,Female,South,7,495.2,0.14,Card,4,2.4,2981.1,22
10143,5/23/2022,1498,Clothing,Female,North,7,176.3,0.16,Card,5,1.1,1036.64,27
10144,5/24/2022,1592,Electronics,Male,North,5,480.98,0.03,COD,7,4.4,2332.75,33
10145,5/25/2022,1391,Clothing,Male,West,6,183.61,0.31,COD,11,4,760.15,33
10146,5/26/2022,1674,Electronics,Female,North,4,128.68,0.3,Card,6,1.7,360.3,40
10147,5/27/2022,1418,Electronics,Male,South,4,584.75,0.35,COD,2,2.4,1520.35,27
10148,5/28/2022,1288,Clothing,Male,East,5,226.56,0.2,Card,7,2.7,906.24,47
10149,5/29/2022,1378,Beauty,Male,West,4,366.81,0.26,Card,8,2.3,1085.76,54
10150,5/30/2022,1772,Home,Female,North,6,371.84,0.07,COD,1,4.2,2074.87,30
10151,5/31/2022,1489,Electronics,Male,North,3,342.88,0.23,Card,6,3.9,792.05,48
10152,06-01-2022,1230,Beauty,Male,South,1,550.1,0.23,Wallet,11,4.1,423.58,44
10153,06-02-2022,1040,Home,Female,West,1,409.55,0.32,Card,9,4.6,278.49,43
10154,06-03-2022,1027,Home,Female,North,1,251.18,0.29,COD,7,3.4,178.34,43
10155,06-04-2022,1134,Clothing,Male,East,3,519.49,0.33,Card,5,3.5,1044.17,21
10156,06-05-2022,1200,Clothing,Female,South,4,120.92,0.3,Card,10,3.9,338.58,20
10157,06-06-2022,1839,Electronics,Female,West,5,333.38,0.3,COD,11,3.7,1166.83,40
10158,06-07-2022,1779,Electronics,Male,North,7,571.07,0.02,COD,10,4.5,3917.54,34
10159,06-08-2022,1929,Electronics,Female,North,2,380.86,0.3,COD,9,4.1,533.2,43
10160,06-09-2022,1032,Electronics,Female,West,4,492.93,0.21,COD,2,1.5,1557.66,33
10161,06-10-2022,1047,Clothing,Female,South,3,397.33,0.13,COD,7,4.7,1037.03,23
10162,06-11-2022,1502,Home,Male,West,6,506.03,0.02,COD,9,3.7,2975.46,49
10163,06-12-2022,1406,Clothing,Male,West,3,567.53,0.24,COD,2,1.5,1293.97,58
10164,6/13/2022,1573,Electronics,Female,South,7,174.66,0.11,COD,11,4.1,1088.13,36
10165,6/14/2022,1727,Beauty,Female,North,1,114.25,0.16,COD,10,2.4,95.97,35
10166,6/15/2022,1804,Beauty,Female,East,4,298.13,0.24,Wallet,6,4.2,906.32,36
10167,6/16/2022,1098,Home,Male,South,7,425.59,0.32,Card,9,4.8,2025.81,18
10168,6/17/2022,1683,Beauty,Female,East,1,147.91,0.29,COD,3,2,105.02,73
10169,6/18/2022,1871,Clothing,Male,North,2,17.4,0.16,Card,8,4.4,29.23,37
10170,6/19/2022,1725,Beauty,Female,West,6,215.62,0.14,Card,5,4.1,1112.6,45
10171,6/20/2022,1986,Electronics,Male,East,1,581.78,0.08,Card,7,3.7,535.24,33
10172,6/21/2022,1546,Clothing,Female,North,2,421.56,0.13,Wallet,3,2.5,733.51,44
10173,6/22/2022,1960,Electronics,Male,North,3,249.78,0.04,COD,8,1.4,719.37,47
10174,6/23/2022,1738,Electronics,Male,West,1,127.66,0.34,COD,2,2.9,84.26,40
10175,6/24/2022,1612,Electronics,Male,West,1,223.31,0.2,Card,8,1.4,178.65,63
10176,6/25/2022,1942,Clothing,Male,North,5,114.36,0.04,COD,2,3,548.93,27
10177,6/26/2022,1461,Home,Female,North,6,77.19,0.12,Wallet,7,4.3,407.56,34
10178,6/27/2022,1642,Clothing,Male,East,6,545.44,0.19,Card,2,5,2650.84,23
10179,6/28/2022,1768,Electronics,Female,North,7,598.63,0.19,Card,7,1.8,3394.23,26
10180,6/29/2022,1004,Home,Female,North,3,111.01,0.01,Card,1,1.8,329.7,25
10181,6/30/2022,1217,Clothing,Female,East,5,46.9,0.33,COD,6,4.2,157.11,33
10182,07-01-2022,1502,Clothing,Female,South,7,207.89,0.1,COD,10,2.9,1309.71,29
10183,07-02-2022,1766,Home,Female,East,2,285.07,0.01,COD,7,4.7,564.44,40
10184,07-03-2022,1397,Electronics,Male,East,7,134.82,0.03,COD,4,4.1,915.43,65
10185,07-04-2022,1870,Electronics,Male,West,2,191.33,0.2,Card,11,3.9,306.13,26
10186,07-05-2022,1794,Beauty,Male,East,3,132.51,0.05,COD,11,1.4,377.65,28
10187,07-06-2022,1392,Electronics,Female,North,6,467.94,0.01,Card,1,1.1,2779.56,23
10188,07-07-2022,1206,Clothing,Male,North,2,431.86,0.13,Card,6,2.3,751.44,18
10189,07-08-2022,1014,Beauty,Male,North,3,386.45,0.22,COD,4,1.9,904.29,32
10190,07-09-2022,1857,Home,Male,South,7,241.52,0.04,Wallet,3,3.8,1623.01,28
10191,07-10-2022,1553,Electronics,Female,North,2,546.79,0.11,COD,4,2.8,973.29,25
10192,07-11-2022,1891,Electronics,Male,South,4,582.18,0.15,COD,6,3.1,1979.41,49
10193,07-12-2022,1460,Electronics,Female,North,1,116.58,0.06,Card,5,4.3,109.59,25
10194,7/13/2022,1690,Clothing,Female,East,7,145.46,0.18,Card,2,2.9,834.94,26
10195,7/14/2022,1574,Clothing,Male,West,6,322.49,0.03,Card,2,3.2,1876.89,32
10196,7/15/2022,1863,Electronics,Female,North,7,68.38,0.02,Wallet,3,4.4,469.09,64
10197,7/16/2022,1742,Beauty,Male,South,4,270.32,0.18,Wallet,11,2.7,886.65,31
10198,7/17/2022,1240,Clothing,Female,South,3,355.35,0.09,Wallet,6,1.3,970.11,22
10199,7/18/2022,1563,Electronics,Female,West,3,320.41,0.03,Card,1,3.1,932.39,18
10200,7/19/2022,1095,Clothing,Female,North,7,208.58,0.15,COD,11,3.3,1241.05,71
10201,7/20/2022,1899,Home,Female,East,4,332.33,0.32,COD,7,3,903.94,30
10202,7/21/2022,1733,Electronics,Female,North,7,575.9,0.25,COD,8,2,3023.48,30
10203,7/22/2022,1484,Electronics,Male,North,1,135.52,0.29,COD,7,1.9,96.22,40
10204,7/23/2022,1406,Home,Female,West,1,398.08,0.31,COD,11,2.5,274.68,41
10205,7/24/2022,1230,Clothing,Female,North,5,40.39,0.34,Card,3,1.7,133.29,23
10206,7/25/2022,1748,Clothing,Female,East,2,53.85,0.27,Card,6,3.7,78.62,21
10207,7/26/2022,1654,Clothing,Male,South,5,337.82,0.21,Card,4,3.5,1334.39,33
10208,7/27/2022,1170,Electronics,Male,West,1,76.39,0.13,Card,5,3.5,66.46,29
10209,7/28/2022,1540,Electronics,Male,East,4,28.07,0.06,Card,3,1.9,105.54,27
10210,7/29/2022,1035,Clothing,Male,South,2,115.34,0.24,Card,5,2,175.32,39
10211,7/30/2022,1524,Electronics,Female,West,4,345.44,0.35,Card,6,4.1,898.14,29
10212,7/31/2022,1159,Electronics,Female,West,5,426.45,0.16,COD,8,3.8,1791.09,28
10213,08-01-2022,1838,Home,Male,South,3,133.45,0.25,Wallet,6,4.5,300.26,58
10214,08-02-2022,1698,Beauty,Male,South,4,405.93,0.17,Wallet,9,2.6,1347.69,22
10215,08-03-2022,1242,Home,Male,East,5,121.75,0.15,Card,10,3.2,517.44,27
10216,08-04-2022,1085,Beauty,Female,North,5,373.87,0.14,Card,10,4,1607.64,28
10217,08-05-2022,1795,Electronics,Female,North,5,256,0.18,Card,10,4.9,1049.6,25
10218,08-06-2022,1577,Beauty,Female,North,3,397.47,0.13,Wallet,10,5,1037.4,42
10219,08-07-2022,1681,Electronics,Male,North,3,597.11,0.26,COD,4,5,1325.58,31
10220,08-08-2022,1556,Beauty,Male,North,7,563.62,0.31,Card,2,4.6,2722.28,29
10221,08-09-2022,1573,Beauty,Male,East,3,17.5,0.31,Wallet,9,3.6,36.22,23
10222,08-10-2022,1952,Home,Male,West,2,532.98,0.08,Card,11,1,980.68,30
10223,08-11-2022,1645,Beauty,Female,East,3,53.9,0.31,Wallet,3,3.8,111.57,63
10224,08-12-2022,1795,Clothing,Female,East,3,572.53,0.12,Card,11,2,1511.48,50
10225,8/13/2022,1027,Electronics,Female,East,3,179.87,0.11,Card,7,1.2,480.25,44
10226,8/14/2022,1619,Clothing,Male,West,4,238.49,0.25,COD,4,3.8,715.47,34
10227,8/15/2022,1555,Clothing,Female,East,3,68.61,0.11,Wallet,1,4,183.19,30
10228,8/16/2022,1339,Electronics,Male,East,2,80.68,0.02,Wallet,8,3.6,158.13,33
10229,8/17/2022,1797,Clothing,Female,West,5,440.14,0.13,COD,4,2.5,1914.61,18
10230,8/18/2022,1957,Beauty,Male,East,4,567.43,0.25,Card,11,3,1702.29,54
10231,8/19/2022,1330,Electronics,Male,North,1,372.29,0.11,Card,6,4.7,331.34,20
10232,8/20/2022,1639,Home,Male,South,3,433.77,0.22,Wallet,7,3.9,1015.02,27
10233,8/21/2022,1505,Beauty,Male,East,7,460.75,0.23,COD,8,3,2483.44,53
10234,8/22/2022,1347,Beauty,Female,South,7,168.75,0.26,COD,10,3.4,874.12,25
10235,8/23/2022,1472,Beauty,Female,East,5,41.46,0.31,Card,2,4.7,143.04,32
10236,8/24/2022,1230,Clothing,Female,East,5,16.1,0.15,COD,9,2.6,68.42,20
10237,8/25/2022,1189,Beauty,Male,North,4,220.13,0.06,Card,10,1.4,827.69,68
10238,8/26/2022,1224,Home,Female,West,7,156.26,0.11,COD,3,2.3,973.5,43
10239,8/27/2022,1384,Electronics,Male,South,1,51.46,0.15,Wallet,1,2.7,43.74,47
10240,8/28/2022,1376,Clothing,Male,West,6,120.02,0.25,COD,2,2.1,540.09,41
10241,8/29/2022,1282,Home,Female,North,7,87.83,0,COD,8,3.1,614.81,19
10242,8/30/2022,1957,Electronics,Female,North,7,550.2,0.11,Card,10,2.2,3427.75,47
10243,8/31/2022,1632,Clothing,Male,South,2,97.06,0.27,Card,6,1.4,141.71,27
10244,09-01-2022,1627,Home,Female,West,6,329.52,0.23,Wallet,11,1.8,1522.38,38
10245,09-02-2022,1972,Electronics,Female,North,5,361.97,0.26,Card,1,4.7,1339.29,43
10246,09-03-2022,1744,Clothing,Male,East,6,332.94,0.28,Wallet,11,3.5,1438.3,63
10247,09-04-2022,1258,Home,Male,East,7,72.95,0.27,COD,9,2.3,372.77,27
10248,09-05-2022,1358,Clothing,Male,East,5,201.5,0.24,COD,7,2.5,765.7,46
10249,09-06-2022,1709,Electronics,Male,West,6,44.99,0.15,Wallet,10,3,229.45,33
10250,09-07-2022,1455,Electronics,Male,East,5,246.47,0.34,COD,11,3.7,813.35,56
10251,09-08-2022,1410,Clothing,Female,East,5,125.33,0.2,Wallet,3,3.3,501.32,35
10252,09-09-2022,1648,Beauty,Male,North,4,343.56,0.07,Card,7,4.7,1278.04,41
10253,09-10-2022,1317,Electronics,Female,North,1,420.29,0.1,COD,6,3.5,378.26,25
10254,09-11-2022,1676,Clothing,Female,East,5,326.29,0.24,COD,3,4.6,1239.9,47
10255,09-12-2022,1224,Electronics,Female,East,2,269.03,0.32,Card,8,1,365.88,60
10256,9/13/2022,1818,Electronics,Male,North,7,241.59,0.06,COD,1,4.6,1589.66,32
10257,9/14/2022,1233,Home,Male,South,7,507.39,0.03,COD,5,3.9,3445.18,48
10258,9/15/2022,1683,Home,Male,West,2,143.33,0.31,Wallet,8,1.7,197.8,19
10259,9/16/2022,1663,Electronics,Female,West,3,444.52,0.32,Card,3,2.1,906.82,47
10260,9/17/2022,1974,Clothing,Male,North,5,458.13,0.1,COD,11,3.2,2061.58,27
10261,9/18/2022,1826,Electronics,Female,West,5,260.23,0.13,Card,10,1.5,1132,64
10262,9/19/2022,1373,Clothing,Male,North,5,188.92,0.23,COD,11,4.1,727.34,33
10263,9/20/2022,1671,Home,Female,North,6,290.27,0.12,COD,6,4.2,1532.63,24
10264,9/21/2022,1607,Electronics,Female,North,5,69.53,0.31,COD,10,2.2,239.88,27
10265,9/22/2022,1471,Electronics,Male,North,5,41.87,0.04,Card,11,1.3,200.98,45
10266,9/23/2022,1232,Clothing,Female,South,2,80.29,0.01,Card,2,5,158.97,28
10267,9/24/2022,1691,Beauty,Female,East,1,124.48,0.07,Card,9,2,115.77,26
10268,9/25/2022,1112,Beauty,Female,East,1,309.94,0.1,Card,2,1.3,278.95,23
10269,9/26/2022,1829,Electronics,Male,South,3,511.74,0.04,COD,5,2.3,1473.81,26
10270,9/27/2022,1496,Home,Male,West,2,152.85,0.02,Wallet,3,4.9,299.59,47
10271,9/28/2022,1441,Clothing,Female,West,5,562.07,0.26,Card,10,4.2,2079.66,26
10272,9/29/2022,1563,Clothing,Male,East,1,573.62,0.06,Card,9,2.9,539.2,38
10273,9/30/2022,1267,Home,Female,West,4,575.96,0.32,COD,9,2.2,1566.61,42
10274,10-01-2022,1509,Beauty,Female,East,4,504.97,0.13,COD,7,2.7,1757.3,30
10275,10-02-2022,1806,Beauty,Male,East,4,227.84,0.23,Card,10,1.1,701.75,29
10276,10-03-2022,1385,Clothing,Male,South,5,57.52,0.08,Card,5,3.9,264.59,45
10277,10-04-2022,1386,Clothing,Female,West,5,347.76,0.08,Card,9,1.4,1599.7,27
10278,10-05-2022,1112,Home,Female,South,3,341.83,0.2,Card,7,3.1,820.39,51
10279,10-06-2022,1612,Electronics,Male,East,7,512.24,0.2,Card,2,3.3,2868.54,32
10280,10-07-2022,1624,Clothing,Male,East,3,597.65,0.27,Card,10,1,1308.85,23
10281,10-08-2022,1951,Clothing,Female,East,3,312.27,0.27,COD,1,4.9,683.87,18
10282,10-09-2022,1080,Home,Female,North,6,216.94,0.23,COD,10,2.2,1002.26,34
10283,10-10-2022,1698,Electronics,Male,North,4,123.75,0.16,Card,10,1.3,415.8,43
10284,10-11-2022,1112,Electronics,Male,North,5,17.81,0.31,COD,4,4.4,61.44,26
10285,10-12-2022,1001,Beauty,Female,South,4,312.83,0.22,COD,10,1.6,976.03,25
10286,10/13/2022,1641,Electronics,Male,East,3,339.98,0.35,Wallet,8,1.1,662.96,65
10287,10/14/2022,1219,Clothing,Male,West,5,497.59,0.29,Card,6,3,1766.44,25
10288,10/15/2022,1565,Electronics,Female,South,2,310.18,0.02,COD,2,1.5,607.95,43
10289,10/16/2022,1854,Electronics,Male,South,1,551.13,0.11,COD,5,4.9,490.51,22
10290,10/17/2022,1996,Electronics,Male,South,1,382.43,0.2,Card,9,1,305.94,23
10291,10/18/2022,1735,Electronics,Female,West,3,506.6,0.25,Wallet,6,1.2,1139.85,40
10292,10/19/2022,1224,Beauty,Female,East,7,101.76,0.19,COD,6,4.3,576.98,31
10293,10/20/2022,1384,Electronics,Male,North,4,515.37,0.28,COD,7,2,1484.27,26
10294,10/21/2022,1402,Beauty,Female,East,2,409.96,0.1,Card,11,4.6,737.93,37
10295,10/22/2022,1637,Clothing,Male,East,5,114.59,0.06,Card,5,2.2,538.57,53
10296,10/23/2022,1129,Clothing,Female,South,7,126.01,0.02,COD,3,1.3,864.43,26
10297,10/24/2022,1052,Clothing,Male,South,4,557,0.2,Card,3,1,1782.4,33
10298,10/25/2022,1683,Clothing,Female,South,3,33.85,0.24,COD,5,2.1,77.18,41
10299,10/26/2022,1729,Home,Male,North,4,285.58,0.11,Card,4,2.9,1016.66,45
10300,10/27/2022,1671,Electronics,Male,North,3,198.38,0.21,COD,5,1,470.16,29
10301,10/28/2022,1709,Clothing,Male,North,6,404.07,0.02,COD,9,3.3,2375.93,30
10302,10/29/2022,1415,Beauty,Male,East,1,506.18,0.03,Card,5,2.3,490.99,22
10303,10/30/2022,1246,Beauty,Male,South,7,225.82,0.25,COD,4,2.6,1185.56,24
10304,10/31/2022,1835,Beauty,Male,West,1,264.74,0.13,Card,4,2,230.32,20
10305,11-01-2022,1438,Clothing,Male,East,4,589.42,0.23,Card,1,3.1,1815.41,25
10306,11-02-2022,1202,Home,Male,North,2,473.59,0.29,Card,10,1.9,672.5,25
10307,11-03-2022,1183,Clothing,Male,West,5,539.86,0.3,Card,4,1.5,1889.51,62
10308,11-04-2022,1122,Clothing,Male,West,3,271.68,0.06,Card,4,4.6,766.14,31
10309,11-05-2022,1400,Electronics,Female,South,5,151.93,0.17,Wallet,9,2.6,630.51,70
10310,11-06-2022,1766,Clothing,Male,West,1,255.94,0.26,Card,11,1.3,189.4,31
10311,11-07-2022,1293,Electronics,Male,North,2,433.91,0.27,Card,4,1.9,633.51,27
10312,11-08-2022,1279,Electronics,Female,South,2,79.02,0.27,Card,7,2.2,115.37,44
10313,11-09-2022,1836,Beauty,Male,West,5,173.22,0.08,Card,1,4.1,796.81,21
10314,11-10-2022,1883,Electronics,Male,South,1,42.28,0.07,COD,7,1.1,39.32,56
10315,11-11-2022,1609,Electronics,Female,West,5,267.92,0.21,Card,2,2.9,1058.28,25
10316,11-12-2022,1197,Electronics,Female,East,4,499.06,0.26,COD,11,2.6,1477.22,21
10317,11/13/2022,1981,Beauty,Male,East,2,29.43,0.11,Card,8,4.9,52.39,24
10318,11/14/2022,1906,Clothing,Female,North,2,410.06,0.04,Wallet,1,1.7,787.32,41
10319,11/15/2022,1510,Clothing,Female,East,4,560.51,0.25,Card,10,3.5,1681.53,27
10320,11/16/2022,1751,Home,Female,East,1,153.6,0.1,COD,3,1.8,138.24,28
10321,11/17/2022,1143,Home,Female,East,2,420.78,0.06,COD,8,3.2,791.07,33
10322,11/18/2022,1608,Electronics,Male,West,7,585.43,0.05,Card,10,3.2,3893.11,22
10323,11/19/2022,1200,Home,Male,West,6,577.93,0.11,COD,8,1.3,3086.15,44
10324,11/20/2022,1123,Home,Female,South,6,152.43,0.21,COD,11,2.8,722.52,31
10325,11/21/2022,1186,Home,Female,West,6,73.69,0.13,Card,5,2.8,384.66,22
10326,11/22/2022,1325,Electronics,Female,East,3,101.75,0.01,COD,5,2.3,302.2,30
10327,11/23/2022,1463,Beauty,Female,West,7,425.69,0.03,Wallet,8,2.1,2890.44,62
10328,11/24/2022,1348,Clothing,Female,North,3,439.57,0.1,COD,10,1.9,1186.84,28
10329,11/25/2022,1770,Electronics,Female,South,1,409.43,0.23,Wallet,5,1,315.26,41
10330,11/26/2022,1659,Clothing,Male,South,4,211.61,0.03,Card,9,1,821.05,41
10331,11/27/2022,1763,Electronics,Female,West,5,114.32,0.2,COD,1,3.4,457.28,42
10332,11/28/2022,1954,Electronics,Female,East,7,354.75,0.04,Wallet,5,2.2,2383.92,29
10333,11/29/2022,1931,Home,Female,South,1,297.95,0.07,Card,3,1.7,277.09,23
10334,11/30/2022,1402,Electronics,Female,North,5,441.37,0.06,Wallet,3,3.7,2074.44,62
10335,12-01-2022,1345,Clothing,Male,North,1,273.2,0.02,Card,2,3.1,267.74,41
10336,12-02-2022,1962,Clothing,Female,South,3,213.1,0.23,Wallet,3,4.7,492.26,61
10337,12-03-2022,1510,Electronics,Male,East,6,186.68,0.16,Card,7,4.3,940.87,34
10338,12-04-2022,1146,Beauty,Female,East,4,138.71,0.29,Card,8,3.9,393.94,20
10339,12-05-2022,1147,Electronics,Female,West,3,170.46,0.03,Wallet,8,1.5,496.04,50
10340,12-06-2022,1863,Electronics,Female,West,4,70.48,0.05,Card,11,3.7,267.82,21
10341,12-07-2022,1710,Electronics,Male,South,7,217.91,0.11,Card,8,3.8,1357.58,18
10342,12-08-2022,1819,Electronics,Female,West,5,36.39,0.27,Card,1,4.1,132.82,23
10343,12-09-2022,1488,Electronics,Male,West,1,124.05,0.11,COD,11,2.1,110.4,20
10344,12-10-2022,1928,Home,Female,West,2,451.86,0.14,Wallet,7,3.6,777.2,18
10345,12-11-2022,1935,Beauty,Female,North,2,205.4,0.11,Card,2,3.5,365.61,24
10346,12-12-2022,1639,Electronics,Male,West,4,405.92,0.03,COD,11,2.5,1574.97,53
10347,12/13/2022,1550,Home,Female,South,6,434.38,0.33,Card,10,3.7,1746.21,29
10348,12/14/2022,1337,Home,Male,East,6,354.99,0.19,COD,4,1.3,1725.25,21
10349,12/15/2022,1871,Home,Female,West,4,575.84,0.28,Card,5,3.6,1658.42,43
10350,12/16/2022,1640,Clothing,Male,East,3,27.54,0.23,Card,1,3.4,63.62,39
10351,12/17/2022,1778,Electronics,Male,West,2,447.11,0.18,Card,4,1.8,733.26,21
10352,12/18/2022,1987,Electronics,Female,South,3,575.89,0.03,COD,4,4.3,1675.84,34
10353,12/19/2022,1952,Home,Female,North,5,519.43,0.22,Wallet,9,4.5,2025.78,34
10354,12/20/2022,1472,Home,Male,South,2,113.22,0.05,COD,9,1.8,215.12,42
10355,12/21/2022,1945,Electronics,Female,North,5,206.19,0.15,Card,11,1.3,876.31,28
10356,12/22/2022,1150,Clothing,Male,West,1,115.88,0.22,COD,10,3.4,90.39,19
10357,12/23/2022,1414,Beauty,Male,West,3,366.77,0.27,COD,1,2.9,803.23,37
10358,12/24/2022,1989,Home,Male,North,4,431.63,0.24,Card,8,2.7,1312.16,27
10359,12/25/2022,1297,Beauty,Female,South,2,200.49,0.24,Card,4,4,304.74,51
10360,12/26/2022,1610,Home,Female,South,3,330.61,0.05,Card,4,4.9,942.24,51
10361,12/27/2022,1262,Clothing,Male,North,4,419.19,0.12,COD,5,2.9,1475.55,52
10362,12/28/2022,1763,Clothing,Male,West,1,261.48,0.02,COD,2,1,256.25,19
10363,12/29/2022,1143,Home,Female,North,2,514.6,0.25,COD,1,3.4,771.9,51
10364,12/30/2022,1345,Electronics,Female,West,5,466.36,0.33,Card,5,3.6,1562.31,21
10365,12/31/2022,1623,Clothing,Male,North,1,52.83,0.09,Card,7,4.3,48.08,22
10366,01-01-2023,1571,Home,Male,West,6,378.36,0.03,Wallet,10,1.8,2202.06,50
10367,01-02-2023,1880,Electronics,Female,North,4,152.67,0.17,Card,9,3.1,506.86,50
10368,01-03-2023,1001,Home,Female,East,2,341.15,0.3,Wallet,2,2.8,477.61,30
10369,01-04-2023,1896,Clothing,Male,West,2,574.78,0.19,COD,8,3.7,931.14,25
10370,01-05-2023,1303,Beauty,Female,South,7,529.25,0.02,Card,7,1.3,3630.66,18
10371,01-06-2023,1253,Electronics,Female,North,7,251.64,0.34,COD,2,4.5,1162.58,59
10372,01-07-2023,1651,Electronics,Male,South,1,185.54,0.29,Wallet,5,3,131.73,21
10373,01-08-2023,1452,Clothing,Female,North,2,152.13,0.05,Card,7,4.5,289.05,33
10374,01-09-2023,1036,Electronics,Female,South,4,326.52,0.32,Wallet,3,2.4,888.13,39
10375,01-10-2023,1159,Home,Female,South,1,81.84,0.16,Card,2,3.6,68.75,36
10376,01-11-2023,1008,Home,Female,North,5,336.33,0.13,COD,6,4.8,1463.04,41
10377,01-12-2023,1232,Electronics,Male,North,1,15.78,0.16,Wallet,10,4.8,13.26,28
10378,1/13/2023,1098,Clothing,Female,South,1,204.45,0.29,Wallet,6,4.8,145.16,20
10379,1/14/2023,1658,Clothing,Female,South,5,143.66,0.23,COD,11,1.2,553.09,38
10380,1/15/2023,1815,Clothing,Male,South,6,583.16,0.02,COD,4,2.6,3428.98,31
10381,1/16/2023,1207,Beauty,Female,West,7,440.44,0.34,Card,1,1.2,2034.83,20
10382,1/17/2023,1130,Home,Female,West,4,219.55,0.05,Card,5,2.2,834.29,59
10383,1/18/2023,1403,Home,Male,East,6,69.31,0.26,Card,1,1.7,307.74,40
10384,1/19/2023,1151,Home,Female,West,6,317.33,0.22,Card,11,3.5,1485.1,44
10385,1/20/2023,1053,Clothing,Male,West,6,139.87,0.07,Card,11,4.1,780.47,27
10386,1/21/2023,1119,Beauty,Male,North,7,328.81,0.06,Card,8,3.1,2163.57,49
10387,1/22/2023,1672,Home,Female,East,3,503.69,0.3,Wallet,2,4.2,1057.75,23
10388,1/23/2023,1919,Home,Male,East,7,375.24,0.15,COD,9,1.1,2232.68,18
10389,1/24/2023,1627,Beauty,Female,West,6,385.77,0.23,Card,9,4.3,1782.26,31
10390,1/25/2023,1586,Electronics,Male,North,3,331.5,0.18,Wallet,3,1.7,815.49,42
10391,1/26/2023,1624,Home,Male,North,5,557.45,0.25,Card,6,2.8,2090.44,64
10392,1/27/2023,1967,Electronics,Female,East,7,560.16,0.17,COD,9,2.8,3254.53,28
10393,1/28/2023,1419,Electronics,Female,North,4,314.94,0.1,COD,7,4.5,1133.78,24
10394,1/29/2023,1421,Electronics,Male,South,6,193.87,0.13,Card,4,4.9,1012,21
10395,1/30/2023,1103,Beauty,Female,West,2,283.86,0.3,COD,3,2,397.4,38
10396,1/31/2023,1851,Beauty,Female,South,5,124.14,0.16,Card,2,1.3,521.39,34
10397,02-01-2023,1253,Home,Male,East,3,387.26,0.07,Card,10,3.6,1080.46,38
10398,02-02-2023,1226,Home,Female,East,7,307.55,0.33,Card,10,3,1442.41,66
10399,02-03-2023,1111,Clothing,Male,North,4,75.43,0.28,Wallet,1,3.3,217.24,33
10400,02-04-2023,1509,Beauty,Male,North,1,130.62,0.02,COD,11,1.2,128.01,18
10401,02-05-2023,1472,Clothing,Female,East,4,295.58,0.35,COD,10,4.1,768.51,52
10402,02-06-2023,1098,Clothing,Female,East,4,534.24,0.24,COD,11,1.9,1624.09,25
10403,02-07-2023,1152,Electronics,Female,South,6,346.34,0.06,Card,1,2.3,1953.36,28
10404,02-08-2023,1860,Home,Female,South,6,413.7,0.08,COD,4,1.9,2283.62,66
10405,02-09-2023,1913,Home,Female,North,7,213.33,0.24,Card,4,4.8,1134.92,26
10406,02-10-2023,1895,Clothing,Female,South,7,349.28,0.27,Card,9,1.7,1784.82,26
10407,02-11-2023,1877,Electronics,Male,North,3,276.72,0.08,COD,10,3.9,763.75,63
10408,02-12-2023,1337,Home,Male,North,7,400.59,0.09,Card,1,2,2551.76,34
10409,2/13/2023,1705,Electronics,Male,West,3,44.59,0.11,Card,11,2.7,119.06,57
10410,2/14/2023,1821,Home,Male,North,6,303.58,0.21,Wallet,4,5,1438.97,32
10411,2/15/2023,1162,Beauty,Male,South,6,188.16,0.06,COD,3,1.4,1061.22,19
10412,2/16/2023,1719,Clothing,Female,East,2,205.82,0.04,COD,9,4.5,395.17,27
10413,2/17/2023,1956,Electronics,Female,East,2,577.14,0.24,Card,5,4.8,877.25,46
10414,2/18/2023,1680,Home,Male,South,5,121.88,0.27,Card,9,3.8,444.86,35
10415,2/19/2023,1995,Home,Female,East,6,197.08,0.18,COD,10,1,969.63,40
10416,2/20/2023,1160,Clothing,Female,North,1,313.29,0.13,COD,6,4.3,272.56,34
10417,2/21/2023,1579,Beauty,Female,East,2,519.87,0.15,COD,11,4.5,883.78,69
10418,2/22/2023,1800,Electronics,Male,South,3,258.75,0.14,Wallet,9,4.9,667.58,25
10419,2/23/2023,1397,Clothing,Male,East,4,450.16,0.34,Wallet,1,4.4,1188.42,18
10420,2/24/2023,1276,Home,Female,North,7,515.98,0.27,Card,4,2.8,2636.66,48
10421,2/25/2023,1815,Beauty,Female,North,7,196.36,0.07,Wallet,4,3.8,1278.3,35
10422,2/26/2023,1915,Electronics,Female,South,5,244.76,0.13,COD,10,2.9,1064.71,41
10423,2/27/2023,1503,Home,Male,South,2,223.59,0.19,COD,10,2.4,362.22,28
10424,2/28/2023,1895,Clothing,Female,South,4,502.22,0.21,Card,6,3.5,1587.02,27
10425,03-01-2023,1391,Clothing,Female,West,4,40.94,0.16,COD,10,4.1,137.56,28
10426,03-02-2023,1134,Electronics,Female,West,2,195.43,0.28,Wallet,1,3.5,281.42,38
10427,03-03-2023,1194,Beauty,Female,North,1,412.45,0.27,COD,10,4.3,301.09,27
10428,03-04-2023,1400,Electronics,Male,West,1,345.78,0.18,COD,5,1.7,283.54,41
10429,03-05-2023,1639,Electronics,Female,West,5,270.23,0.3,Card,3,2.5,945.8,20
10430,03-06-2023,1032,Electronics,Female,East,1,330.87,0.26,Card,1,2.3,244.84,37
10431,03-07-2023,1687,Beauty,Female,West,5,130.59,0.27,Card,6,1.8,476.65,40
10432,03-08-2023,1459,Home,Female,East,3,266.97,0.33,Card,3,2.8,536.61,52
10433,03-09-2023,1954,Home,Female,South,2,308.5,0.09,COD,4,4.8,561.47,31
10434,03-10-2023,1882,Electronics,Male,East,4,542.2,0.09,Card,9,3.2,1973.61,31
10435,03-11-2023,1469,Clothing,Male,East,5,167.59,0.31,COD,2,2.1,578.19,44
10436,03-12-2023,1374,Clothing,Male,South,7,522.68,0.27,Card,1,2.4,2670.89,20
10437,3/13/2023,1021,Home,Female,South,1,391.88,0.32,Card,10,3.5,266.48,62
10438,3/14/2023,1749,Beauty,Female,North,7,26.9,0.02,Card,6,2.4,184.53,42
10439,3/15/2023,1669,Electronics,Male,North,5,438.91,0.22,Wallet,1,3.2,1711.75,38
10440,3/16/2023,1037,Home,Male,North,6,35.8,0.05,Card,1,2.1,204.06,55
10441,3/17/2023,1229,Electronics,Female,North,5,598.47,0.18,Card,7,2.4,2453.73,35
10442,3/18/2023,1364,Clothing,Female,East,1,525.49,0.05,Wallet,2,3.8,499.22,60
10443,3/19/2023,1562,Electronics,Female,East,6,188.95,0.04,Wallet,4,3.3,1088.35,33
10444,3/20/2023,1437,Electronics,Female,North,6,165.59,0,COD,4,1.4,993.54,26
10445,3/21/2023,1775,Clothing,Male,West,1,238.14,0.22,Card,2,4.9,185.75,39
10446,3/22/2023,1282,Clothing,Female,North,6,223.36,0.13,Card,6,1.2,1165.94,37
10447,3/23/2023,1026,Electronics,Female,West,2,232.82,0.04,Wallet,10,1.3,447.01,29
10448,3/24/2023,1225,Home,Female,South,4,201.19,0.11,Wallet,2,3.8,716.24,28
10449,3/25/2023,1276,Clothing,Female,East,7,378.36,0.06,COD,8,3.8,2489.61,44
10450,3/26/2023,1797,Electronics,Female,East,2,111.09,0.33,Card,4,1.1,148.86,28
10451,3/27/2023,1608,Home,Female,West,2,509.9,0.11,Card,1,3.6,907.62,49
10452,3/28/2023,1283,Electronics,Male,North,1,490.26,0.12,Card,7,1.1,431.43,35
10453,3/29/2023,1878,Clothing,Female,East,1,293.74,0.29,COD,6,4.8,208.56,20
10454,3/30/2023,1959,Home,Male,West,7,513.85,0.23,Card,6,3.8,2769.65,30
10455,3/31/2023,1480,Electronics,Female,South,4,159.58,0.25,Wallet,11,1.7,478.74,46
10456,04-01-2023,1452,Electronics,Female,South,5,25.28,0.22,Card,3,1.6,98.59,45
10457,04-02-2023,1828,Clothing,Female,East,2,377.24,0.33,COD,10,3.3,505.5,23
10458,04-03-2023,1815,Beauty,Female,North,6,282.88,0.07,Card,7,3.5,1578.47,27
10459,04-04-2023,1658,Clothing,Female,West,4,346.79,0.35,COD,6,4.3,901.65,40
10460,04-05-2023,1515,Home,Female,East,2,541.11,0.29,Card,10,4.6,768.38,29
10461,04-06-2023,1546,Clothing,Male,South,5,582.41,0.21,COD,10,2.6,2300.52,67
10462,04-07-2023,1191,Electronics,Male,North,6,386.16,0.23,COD,9,4.4,1784.06,32
10463,04-08-2023,1048,Clothing,Female,West,2,461.97,0.23,Card,3,3.2,711.43,60
10464,04-09-2023,1511,Home,Female,East,3,64.03,0.02,Wallet,3,2.9,188.25,55
10465,04-10-2023,1016,Electronics,Female,West,7,109.02,0.08,COD,4,3.8,702.09,27
10466,04-11-2023,1171,Electronics,Female,North,4,443.92,0.34,Wallet,3,1.4,1171.95,29
10467,04-12-2023,1219,Electronics,Male,North,7,267.35,0.19,Wallet,4,2.1,1515.87,70
10468,4/13/2023,1157,Clothing,Male,South,1,275.89,0.13,Wallet,6,4.3,240.02,22
10469,4/14/2023,1476,Beauty,Male,North,2,195.54,0.27,Card,1,3,285.49,46
10470,4/15/2023,1045,Electronics,Male,East,6,370.3,0.18,Card,2,4.6,1821.88,40
10471,4/16/2023,1372,Clothing,Female,West,6,123.32,0,Wallet,10,1.4,739.92,35
10472,4/17/2023,1517,Electronics,Male,North,4,381.75,0.26,COD,6,2.3,1129.98,72
10473,4/18/2023,1098,Beauty,Male,North,4,116.67,0.26,Card,6,2.4,345.34,29
10474,4/19/2023,1891,Electronics,Male,East,7,52.34,0.06,COD,1,2.7,344.4,22
10475,4/20/2023,1744,Clothing,Female,West,6,208.26,0.33,Card,6,4.9,837.21,37
10476,4/21/2023,1036,Home,Female,West,6,150.22,0.08,COD,11,2.2,829.21,24
10477,4/22/2023,1279,Home,Male,South,6,535.06,0.16,Wallet,9,3.1,2696.7,35
10478,4/23/2023,1348,Clothing,Male,South,2,47.15,0.04,COD,8,3.1,90.53,74
10479,4/24/2023,1496,Electronics,Female,West,6,118.32,0.21,Card,10,4.1,560.84,32
10480,4/25/2023,1301,Clothing,Male,East,1,336,0.13,Card,5,3.1,292.32,32
10481,4/26/2023,1180,Electronics,Male,East,6,296.42,0.12,Card,4,3.4,1565.1,33
10482,4/27/2023,1606,Electronics,Female,South,1,41.82,0.29,COD,6,4,29.69,62
10483,4/28/2023,1098,Clothing,Female,North,2,19.24,0,Card,11,1.4,38.48,29
10484,4/29/2023,1699,Electronics,Male,East,4,593.02,0.28,COD,5,4.9,1707.9,40
10485,4/30/2023,1992,Electronics,Female,North,1,400.42,0.2,COD,6,4.4,320.34,22
10486,05-01-2023,1115,Home,Female,East,2,228.76,0.35,COD,10,2.6,297.39,23
10487,05-02-2023,1190,Beauty,Female,West,6,290.2,0.21,Wallet,11,3.9,1375.55,20
10488,05-03-2023,1252,Clothing,Female,South,2,170.93,0.02,COD,3,4,335.02,54
10489,05-04-2023,1980,Electronics,Male,North,6,216.75,0.02,Card,7,4.4,1274.49,18
10490,05-05-2023,1927,Electronics,Male,North,7,394.69,0.31,COD,8,1.8,1906.35,34
10491,05-06-2023,1982,Beauty,Male,West,2,531.44,0.29,COD,5,3.8,754.64,31
10492,05-07-2023,1160,Electronics,Female,East,4,122.72,0.12,Card,5,1.1,431.97,33
10493,05-08-2023,1255,Electronics,Male,North,1,506.61,0.22,COD,4,1.5,395.16,30
10494,05-09-2023,1322,Clothing,Female,East,7,86.11,0.17,Card,10,4.1,500.3,37
10495,05-10-2023,1127,Clothing,Female,West,4,140.77,0.34,Card,5,4.3,371.63,58
10496,05-11-2023,1017,Clothing,Female,South,3,36.75,0.33,Wallet,10,3.4,73.87,40
10497,05-12-2023,1792,Electronics,Male,North,6,97.37,0.34,Wallet,11,3.3,385.59,25
10498,5/13/2023,1734,Electronics,Male,East,1,551.62,0.3,COD,8,4,386.13,42
10499,5/14/2023,1565,Beauty,Female,North,4,283.77,0.32,COD,5,4.6,771.85,34
10500,5/15/2023,1569,Electronics,Male,East,1,60.43,0.08,Wallet,9,2.7,55.6,73
10501,5/16/2023,1322,Home,Male,East,3,576.44,0.29,Wallet,1,1.5,1227.82,37
10502,5/17/2023,1871,Home,Male,East,5,529.21,0.25,COD,7,4.4,1984.54,21
10503,5/18/2023,1685,Clothing,Male,West,6,456.49,0.34,COD,5,2.4,1807.7,19
10504,5/19/2023,1791,Electronics,Male,South,6,561.08,0.2,Card,4,1.5,2693.18,23
10505,5/20/2023,1625,Electronics,Female,North,2,143.78,0.03,Card,3,3.5,278.93,35
10506,5/21/2023,1287,Clothing,Male,South,6,504.28,0.21,Card,10,3.3,2390.29,36
10507,5/22/2023,1942,Beauty,Female,East,6,418.64,0.24,COD,7,2.9,1909,43
10508,5/23/2023,1853,Beauty,Female,East,4,523.81,0.08,Wallet,2,4.4,1927.62,32
10509,5/24/2023,1662,Electronics,Female,South,7,481.19,0.14,Wallet,5,2.1,2896.76,38
10510,5/25/2023,1961,Electronics,Female,South,6,217.7,0.21,Card,2,1.1,1031.9,45
10511,5/26/2023,1638,Beauty,Male,North,6,468.02,0.13,COD,7,2.3,2443.06,22
10512,5/27/2023,1154,Home,Male,East,3,168.54,0.13,Card,6,1,439.89,42
10513,5/28/2023,1489,Beauty,Male,South,7,207.23,0.05,Card,10,3.2,1378.08,39
10514,5/29/2023,1385,Electronics,Male,West,3,78.12,0.33,Wallet,7,2.5,157.02,62
10515,5/30/2023,1985,Clothing,Female,East,1,562.02,0.26,COD,9,4.3,415.89,63
10516,5/31/2023,1784,Home,Male,East,1,185.24,0,COD,2,4.2,185.24,53
10517,06-01-2023,1103,Home,Male,North,6,319.56,0.27,Card,9,2.7,1399.67,38
10518,06-02-2023,1928,Clothing,Male,West,6,243.93,0.26,Card,7,1.9,1083.05,25
10519,06-03-2023,1392,Electronics,Female,North,2,576.56,0,COD,2,2.7,1153.12,38
10520,06-04-2023,1810,Clothing,Male,West,1,211,0.13,Card,10,3.6,183.57,28
10521,06-05-2023,1245,Electronics,Male,North,4,470.45,0.21,Card,2,1.8,1486.62,35
10522,06-06-2023,1175,Clothing,Male,West,6,515.42,0.16,Card,4,4.1,2597.72,28
10523,06-07-2023,1038,Beauty,Male,West,4,269.83,0.27,COD,2,2.3,787.9,42
10524,06-08-2023,1476,Clothing,Male,West,6,236.23,0.15,Wallet,1,4.7,1204.77,30
10525,06-09-2023,1681,Home,Female,South,4,452.43,0.05,Wallet,6,3,1719.23,35
10526,06-10-2023,1758,Electronics,Male,East,5,549.04,0.34,Wallet,10,4.4,1811.83,34
10527,06-11-2023,1537,Home,Male,West,4,456.64,0.08,Wallet,11,3.5,1680.44,32
10528,06-12-2023,1866,Beauty,Male,South,7,147.87,0.25,Wallet,5,3.2,776.32,34
10529,6/13/2023,1817,Electronics,Male,South,1,534.66,0.05,COD,3,3.7,507.93,29
10530,6/14/2023,1920,Electronics,Male,North,6,241.74,0.12,COD,11,4.2,1276.39,18
10531,6/15/2023,1407,Clothing,Female,East,1,352.09,0.15,Card,1,3.6,299.28,23
10532,6/16/2023,1524,Electronics,Male,East,7,501.39,0.07,Wallet,9,4.2,3264.05,56
10533,6/17/2023,1827,Home,Female,North,7,125.21,0.16,Card,8,1.8,736.23,24
10534,6/18/2023,1505,Beauty,Female,East,4,473.94,0.06,Card,6,2.1,1782.01,25
10535,6/19/2023,1902,Clothing,Female,North,3,363.76,0.2,Wallet,6,1.9,873.02,58
10536,6/20/2023,1824,Electronics,Male,South,3,537.6,0.23,Card,4,4.2,1241.86,26
10537,6/21/2023,1035,Clothing,Male,South,7,115.6,0.02,Wallet,2,1.3,793.02,18
10538,6/22/2023,1684,Home,Male,West,3,261.1,0.3,COD,4,4.2,548.31,27
10539,6/23/2023,1019,Electronics,Female,North,6,502.21,0.06,Card,2,2.6,2832.46,37
10540,6/24/2023,1320,Clothing,Male,South,2,26.25,0.08,COD,7,1.3,48.3,45
10541,6/25/2023,1775,Clothing,Male,South,5,80.64,0.23,Wallet,9,2.7,310.46,27
10542,6/26/2023,1511,Clothing,Male,North,4,594.48,0.16,Card,2,2.2,1997.45,69
10543,6/27/2023,1399,Electronics,Female,South,2,179.03,0.17,COD,9,3.4,297.19,29
10544,6/28/2023,1653,Home,Male,East,3,585.69,0.04,Wallet,9,2.9,1686.79,25
10545,6/29/2023,1971,Electronics,Female,South,4,121.78,0.28,Card,8,2.2,350.73,30
10546,6/30/2023,1882,Electronics,Male,North,2,226.24,0.22,Card,1,4.4,352.93,39
10547,07-01-2023,1470,Beauty,Female,East,1,455.43,0.05,Card,5,2.6,432.66,35
10548,07-02-2023,1142,Home,Male,East,3,399.8,0.13,Card,10,2.9,1043.48,35
10549,07-03-2023,1091,Electronics,Female,South,2,354.96,0.28,Card,11,4.4,511.14,28
10550,07-04-2023,1353,Electronics,Male,West,6,324.99,0.2,COD,4,1.4,1559.95,60
10551,07-05-2023,1833,Electronics,Male,East,1,508.41,0.04,Card,7,2.6,488.07,44
10552,07-06-2023,1799,Electronics,Male,North,3,152.44,0.13,Wallet,11,2.6,397.87,39
10553,07-07-2023,1726,Electronics,Female,West,5,273.85,0.08,Card,8,3,1259.71,26
10554,07-08-2023,1958,Electronics,Female,West,7,105.94,0.18,COD,10,1.4,608.1,28
10555,07-09-2023,1853,Clothing,Female,East,3,363.63,0.3,COD,11,1.4,763.62,27
10556,07-10-2023,1050,Home,Female,South,6,161.57,0.15,Wallet,8,2.7,824.01,18
10557,07-11-2023,1664,Clothing,Female,West,5,210.3,0.15,COD,2,1.1,893.78,44
10558,07-12-2023,1697,Home,Female,South,5,290.68,0.32,Card,3,2,988.31,25
10559,7/13/2023,1574,Electronics,Male,East,5,30.66,0.2,Wallet,10,1.8,122.64,64
10560,7/14/2023,1189,Beauty,Male,North,4,68.78,0.2,Card,10,3,220.1,53
10561,7/15/2023,1124,Home,Male,West,4,416.27,0.09,Card,7,1,1515.22,36
10562,7/16/2023,1149,Home,Male,North,7,265.95,0.21,Card,4,3.7,1470.7,40
10563,7/17/2023,1313,Home,Female,South,5,520.9,0.2,COD,6,4.4,2083.6,40
10564,7/18/2023,1569,Beauty,Male,South,7,421.38,0.14,Card,8,3.8,2536.71,44
10565,7/19/2023,1341,Clothing,Female,North,1,19.74,0.35,COD,8,4.3,12.83,51
10566,7/20/2023,1304,Electronics,Female,East,5,375.78,0.31,COD,7,3.6,1296.44,31
10567,7/21/2023,1691,Clothing,Female,East,2,69.83,0.26,Wallet,2,3,103.35,24
10568,7/22/2023,1681,Home,Male,West,5,471.85,0.19,Card,2,1.9,1910.99,24
10569,7/23/2023,1837,Home,Male,West,4,595.03,0.16,Card,3,2.1,1999.3,29
10570,7/24/2023,1782,Clothing,Male,East,4,325.75,0.06,Card,4,2.3,1224.82,39
10571,7/25/2023,1053,Electronics,Female,East,2,414.43,0.11,Card,1,1.2,737.69,49
10572,7/26/2023,1443,Clothing,Female,North,2,153.83,0.27,COD,5,4.7,224.59,54
10573,7/27/2023,1612,Beauty,Male,South,3,270.99,0.16,COD,7,4.6,682.89,43
10574,7/28/2023,1992,Clothing,Male,South,1,515.82,0.31,COD,10,1.4,355.92,50
10575,7/29/2023,1263,Clothing,Male,West,1,112.94,0.05,Wallet,11,3.2,107.29,52
10576,7/30/2023,1052,Electronics,Male,East,1,170.34,0.18,Wallet,5,2.9,139.68,35
10577,7/31/2023,1571,Clothing,Male,North,6,275.58,0.23,Card,7,3.7,1273.18,35
10578,08-01-2023,1619,Beauty,Male,West,4,431.67,0.18,Wallet,5,3.4,1415.88,47
10579,08-02-2023,1004,Home,Female,North,1,234.89,0.31,Card,11,1.5,162.07,75
10580,08-03-2023,1102,Home,Male,East,3,557.72,0.35,COD,10,3.6,1087.55,21
10581,08-04-2023,1195,Clothing,Male,East,3,70.26,0.04,COD,8,3.4,202.35,46
10582,08-05-2023,1773,Clothing,Female,East,1,231.92,0.05,Wallet,7,3.1,220.32,29
10583,08-06-2023,1876,Electronics,Female,South,2,429.74,0.05,COD,1,2.6,816.51,27
10584,08-07-2023,1991,Home,Male,East,3,147.2,0.24,COD,11,4.8,335.62,31
10585,08-08-2023,1883,Clothing,Male,West,7,399,0.13,Wallet,1,4.4,2429.91,44
10586,08-09-2023,1349,Clothing,Female,South,2,111.07,0.26,COD,5,3.3,164.38,50
10587,08-10-2023,1046,Clothing,Male,North,7,47.75,0.14,COD,2,1,287.46,28
10588,08-11-2023,1866,Beauty,Male,West,4,85.79,0.22,Card,9,2.7,267.66,41
10589,08-12-2023,1822,Electronics,Male,West,6,559.04,0.27,Card,2,3.8,2448.6,32
10590,8/13/2023,1935,Home,Male,North,3,337.77,0.19,Wallet,9,1.5,820.78,27
10591,8/14/2023,1819,Electronics,Female,South,2,480.86,0.19,COD,10,2.6,778.99,50
10592,8/15/2023,1655,Clothing,Male,West,7,209.6,0.03,COD,2,1.8,1423.18,38
10593,8/16/2023,1268,Electronics,Male,West,1,361.71,0.14,Card,4,2.4,311.07,35
10594,8/17/2023,1369,Electronics,Female,West,7,304.55,0.19,Card,3,1.1,1726.8,29
10595,8/18/2023,1635,Clothing,Female,South,7,568.26,0.16,Card,6,1.5,3341.37,21
10596,8/19/2023,1105,Electronics,Female,South,4,452.33,0.32,COD,4,2.8,1230.34,19
10597,8/20/2023,1669,Clothing,Male,South,5,442.37,0.32,Card,9,4.6,1504.06,27
10598,8/21/2023,1658,Beauty,Female,West,5,42.12,0.29,Card,9,3,149.53,31
10599,8/22/2023,1656,Electronics,Male,East,1,336.56,0.13,COD,10,2.8,292.81,35
10600,8/23/2023,1119,Home,Female,North,4,288.19,0.25,COD,9,4.2,864.57,68
10601,8/24/2023,1830,Clothing,Male,East,4,557.79,0.14,Card,3,2.1,1918.8,30
10602,8/25/2023,1786,Home,Female,South,4,165.55,0.08,COD,3,1.4,609.22,33
10603,8/26/2023,1603,Electronics,Female,West,4,172.85,0.12,Wallet,4,1.8,608.43,26
10604,8/27/2023,1057,Electronics,Male,West,5,255.64,0.02,COD,9,4.2,1252.64,27
10605,8/28/2023,1950,Electronics,Female,East,2,157.37,0.12,Wallet,6,3.7,276.97,51
10606,8/29/2023,1345,Electronics,Male,East,4,90.57,0.16,Wallet,9,1.4,304.32,18
10607,8/30/2023,1740,Electronics,Female,North,2,516.59,0.33,Card,8,3.7,692.23,33
10608,8/31/2023,1473,Home,Male,West,7,341.59,0.11,Card,7,4.7,2128.11,28
10609,09-01-2023,1116,Beauty,Male,East,7,518.9,0.32,COD,5,1.2,2469.96,23
10610,09-02-2023,1829,Home,Male,North,4,501.21,0.08,COD,9,3.5,1844.45,30
10611,09-03-2023,1790,Home,Male,South,3,179.99,0.07,Card,4,2.5,502.17,33
10612,09-04-2023,1126,Electronics,Male,East,6,335.43,0.18,Card,4,3,1650.32,22
10613,09-05-2023,1392,Electronics,Female,South,3,63.68,0.24,COD,8,3.1,145.19,57
10614,09-06-2023,1907,Electronics,Female,North,7,550.42,0.02,Card,4,4.1,3775.88,26
10615,09-07-2023,1640,Electronics,Male,South,6,251.49,0.08,Wallet,7,3.2,1388.22,45
10616,09-08-2023,1057,Clothing,Female,West,3,245.3,0.16,Card,4,3.4,618.16,53
10617,09-09-2023,1633,Clothing,Male,West,4,192.11,0.12,Wallet,11,2.3,676.23,33
10618,09-10-2023,1512,Clothing,Male,South,2,284.49,0.25,Card,1,1.5,426.74,20
10619,09-11-2023,1750,Clothing,Male,West,6,162.28,0.18,Card,10,3.7,798.42,35
10620,09-12-2023,1801,Home,Female,North,5,234.29,0.06,Card,9,1,1101.16,33
10621,9/13/2023,1095,Home,Male,West,1,482.97,0.31,Wallet,4,2.3,333.25,37
10622,9/14/2023,1637,Electronics,Male,South,6,503.04,0.1,Card,3,1.9,2716.42,29
10623,9/15/2023,1117,Beauty,Female,South,6,192.95,0.26,COD,3,2.6,856.7,46
10624,9/16/2023,1559,Beauty,Male,South,5,289.37,0.27,Wallet,9,2.2,1056.2,42
10625,9/17/2023,1600,Electronics,Female,East,4,526.18,0.34,COD,8,3.8,1389.12,52
10626,9/18/2023,1487,Clothing,Male,South,3,45.81,0.17,Card,10,2,114.07,32
10627,9/19/2023,1236,Clothing,Male,North,3,535.15,0.22,Wallet,7,3.2,1252.25,43
10628,9/20/2023,1884,Beauty,Female,West,7,143.22,0.12,Wallet,7,2.8,882.24,55
10629,9/21/2023,1896,Beauty,Male,West,2,411.95,0.24,Card,4,4.2,626.16,19
10630,9/22/2023,1271,Electronics,Male,East,4,355.79,0.16,COD,3,2.7,1195.45,20
10631,9/23/2023,1188,Clothing,Female,East,5,338.47,0.15,Wallet,4,4.5,1438.5,42
10632,9/24/2023,1998,Clothing,Male,North,4,517.73,0.3,Wallet,6,1,1449.64,33
10633,9/25/2023,1703,Clothing,Female,South,4,74.42,0.02,Card,4,3.4,291.73,23
10634,9/26/2023,1446,Electronics,Male,East,3,218.01,0.31,Wallet,4,1,451.28,45
10635,9/27/2023,1580,Beauty,Male,West,5,329.88,0.3,Card,2,3.9,1154.58,55
10636,9/28/2023,1789,Home,Male,East,1,489.6,0.18,Card,7,1.9,401.47,34
10637,9/29/2023,1860,Home,Male,East,6,141.62,0.17,Card,6,2.5,705.27,64
10638,9/30/2023,1246,Beauty,Female,South,3,484.71,0.13,Card,2,2.5,1265.09,28
10639,10-01-2023,1962,Home,Female,East,5,248.79,0.35,COD,5,4.4,808.57,38
10640,10-02-2023,1075,Clothing,Male,North,2,125.51,0.04,COD,6,1.4,240.98,65
10641,10-03-2023,1153,Clothing,Female,West,6,459.01,0.21,Card,5,3.7,2175.71,25
10642,10-04-2023,1655,Electronics,Male,South,6,68.18,0.24,Card,4,4.9,310.9,37
10643,10-05-2023,1434,Home,Male,West,3,316.14,0.33,Card,11,1.1,635.44,24
10644,10-06-2023,1996,Electronics,Male,North,7,52.37,0.27,Wallet,11,4.9,267.61,18
10645,10-07-2023,1085,Home,Female,North,2,223.5,0.23,Wallet,9,1.1,344.19,34
10646,10-08-2023,1696,Electronics,Male,East,3,366.63,0.04,Card,3,4.4,1055.89,43
10647,10-09-2023,1284,Electronics,Male,East,4,340.33,0.13,Wallet,11,4.8,1184.35,43
10648,10-10-2023,1973,Electronics,Male,East,7,251.72,0.05,Card,2,5,1673.94,42
10649,10-11-2023,1219,Electronics,Female,West,5,265.99,0.31,COD,9,2.8,917.67,24
10650,10-12-2023,1068,Home,Male,North,2,147.66,0.26,Wallet,8,4.5,218.54,31
10651,10/13/2023,1046,Home,Male,South,6,281.69,0.27,Card,9,1.5,1233.8,30
10652,10/14/2023,1093,Clothing,Female,East,3,572.65,0.23,COD,10,2.7,1322.82,34
10653,10/15/2023,1749,Electronics,Female,West,6,512.51,0.18,Card,11,2.2,2521.55,42
10654,10/16/2023,1957,Electronics,Male,East,2,99.96,0.05,Card,3,2.6,189.92,32
10655,10/17/2023,1452,Electronics,Male,North,6,32.42,0.12,COD,1,3.8,171.18,28
10656,10/18/2023,1203,Electronics,Female,South,3,561.11,0.05,Wallet,11,1.3,1599.16,65
10657,10/19/2023,1911,Beauty,Female,North,7,323.15,0.25,COD,1,5,1696.54,45
10658,10/20/2023,1217,Electronics,Male,West,3,329.64,0.06,Wallet,3,3.5,929.58,34
10659,10/21/2023,1473,Clothing,Female,East,1,471.72,0.25,Wallet,4,4.5,353.79,19
10660,10/22/2023,1431,Electronics,Male,North,6,199.09,0.24,Card,2,4.3,907.85,44
10661,10/23/2023,1340,Electronics,Female,West,1,296.92,0.16,Card,8,4.1,249.41,37
10662,10/24/2023,1550,Clothing,Male,East,7,581.67,0.05,COD,3,1.2,3868.11,71
10663,10/25/2023,1611,Clothing,Female,South,1,408.21,0.11,COD,4,3.1,363.31,20
10664,10/26/2023,1288,Electronics,Female,North,6,104.94,0.11,Card,6,2.3,560.38,42
10665,10/27/2023,1253,Electronics,Female,East,2,92.94,0.25,Wallet,10,1.5,139.41,35
10666,10/28/2023,1733,Clothing,Female,East,4,134.49,0.04,COD,6,2.4,516.44,38
10667,10/29/2023,1356,Electronics,Female,East,7,463.53,0.29,Card,2,3.6,2303.74,40
10668,10/30/2023,1022,Electronics,Male,East,3,187.8,0.27,COD,6,1.9,411.28,39
10669,10/31/2023,1761,Beauty,Male,North,5,27.51,0.07,Card,4,2.8,127.92,35
10670,11-01-2023,1521,Clothing,Female,East,7,567.34,0.25,COD,5,2.6,2978.54,39
10671,11-02-2023,1757,Clothing,Female,West,1,114.28,0.23,Wallet,7,1.2,88,23
10672,11-03-2023,1836,Clothing,Male,North,2,20.59,0.26,Wallet,7,3.5,30.47,22
10673,11-04-2023,1099,Clothing,Male,East,6,153.72,0.07,Card,6,3.5,857.76,57
10674,11-05-2023,1801,Clothing,Male,North,2,152.49,0.06,COD,10,4.9,286.68,46
10675,11-06-2023,1179,Home,Female,West,2,261.87,0.08,COD,6,2.2,481.84,45
10676,11-07-2023,1222,Home,Male,West,6,553.43,0.13,Card,6,2.7,2888.9,36
10677,11-08-2023,1905,Electronics,Male,North,5,529.32,0.28,Card,4,2.6,1905.55,34
10678,11-09-2023,1761,Clothing,Male,East,6,282.28,0.26,COD,3,4.7,1253.32,21
10679,11-10-2023,1658,Clothing,Male,East,5,255.38,0.32,COD,1,2.6,868.29,43
10680,11-11-2023,1441,Beauty,Female,West,6,339.68,0.02,Card,3,2.8,1997.32,43
10681,11-12-2023,1607,Clothing,Female,East,1,157.42,0,Card,3,2,157.42,53
10682,11/13/2023,1768,Clothing,Male,West,5,45.53,0.24,Card,9,1,173.01,31
10683,11/14/2023,1324,Electronics,Male,East,1,564.45,0.1,Card,3,1.4,508.01,51
10684,11/15/2023,1515,Clothing,Female,West,7,124.22,0.12,COD,8,3.8,765.2,53
10685,11/16/2023,1015,Electronics,Female,South,5,131.06,0.19,Card,8,3.7,530.79,21
10686,11/17/2023,1791,Electronics,Female,East,5,291.39,0.04,Card,3,2.3,1398.67,24
10687,11/18/2023,1335,Electronics,Female,East,6,302.59,0.22,Wallet,10,2.9,1416.12,21
10688,11/19/2023,1758,Home,Female,East,5,25.78,0.11,Card,10,2.2,114.72,29
10689,11/20/2023,1257,Electronics,Male,North,1,101.55,0.22,COD,6,3.9,79.21,18
10690,11/21/2023,1496,Clothing,Female,East,7,236.22,0.29,Wallet,8,4.4,1174.01,21
10691,11/22/2023,1987,Beauty,Male,North,6,414.98,0.06,COD,8,4.6,2340.49,21
10692,11/23/2023,1895,Electronics,Male,North,3,148.62,0.33,COD,10,1.7,298.73,23
10693,11/24/2023,1159,Clothing,Male,West,7,262.46,0.19,Card,10,3.8,1488.15,21
10694,11/25/2023,1474,Clothing,Male,North,7,341.05,0.32,Card,9,4.9,1623.4,20
10695,11/26/2023,1851,Electronics,Male,North,1,534.83,0.07,COD,9,3.6,497.39,35
10696,11/27/2023,1663,Home,Male,South,7,205.75,0.21,COD,8,2.4,1137.8,42
10697,11/28/2023,1907,Electronics,Male,East,3,93.13,0.14,Card,7,3.5,240.28,19
10698,11/29/2023,1689,Clothing,Male,North,2,301.22,0.27,COD,10,3.8,439.78,26
10699,11/30/2023,1674,Clothing,Female,East,6,451.83,0.21,Wallet,3,2.6,2141.67,35
10700,12-01-2023,1379,Clothing,Female,North,2,79.27,0.17,Card,7,1.4,131.59,27
10701,12-02-2023,1544,Home,Male,West,6,263.44,0.32,COD,4,3.4,1074.84,53
10702,12-03-2023,1928,Electronics,Male,South,7,25.4,0.13,COD,2,4.2,154.69,23
10703,12-04-2023,1956,Electronics,Male,North,6,34.63,0.08,Wallet,8,5,191.16,21
10704,12-05-2023,1690,Home,Female,East,1,297.53,0.21,Wallet,2,1.9,235.05,21
10705,12-06-2023,1426,Clothing,Female,West,3,189.45,0.22,COD,1,3.8,443.31,33
10706,12-07-2023,1612,Home,Female,East,6,509.39,0.15,Card,5,1.1,2597.89,21
10707,12-08-2023,1267,Home,Male,West,3,367.26,0.17,Card,10,4.9,914.48,21
10708,12-09-2023,1834,Home,Male,South,6,280.55,0.34,Card,9,1.1,1110.98,66
10709,12-10-2023,1576,Clothing,Female,West,3,253.64,0.26,COD,5,2.4,563.08,34
10710,12-11-2023,1416,Electronics,Female,East,2,305.89,0.04,COD,11,1.3,587.31,28
10711,12-12-2023,1167,Home,Male,East,1,38.66,0.07,Wallet,2,3.5,35.95,25
10712,12/13/2023,1841,Clothing,Male,North,6,537.28,0.34,COD,10,2.4,2127.63,32
10713,12/14/2023,1042,Electronics,Male,West,4,599.01,0.25,COD,4,3.9,1797.03,30
10714,12/15/2023,1555,Beauty,Male,East,3,121.17,0.32,COD,8,2.9,247.19,37
10715,12/16/2023,1284,Beauty,Male,North,3,85.42,0.11,Card,7,2.7,228.07,48
10716,12/17/2023,1396,Clothing,Male,South,4,98.99,0.26,COD,5,2.4,293.01,33
10717,12/18/2023,1011,Electronics,Female,East,1,401.7,0.25,COD,4,1.3,301.27,25
10718,12/19/2023,1606,Clothing,Female,North,3,401.94,0.1,Wallet,5,1.8,1085.24,19
10719,12/20/2023,1301,Home,Male,East,1,511.04,0.19,Card,7,3.6,413.94,31
10720,12/21/2023,1897,Beauty,Male,West,3,454.82,0.22,Wallet,5,3,1064.28,25
10721,12/22/2023,1252,Electronics,Male,North,7,278.07,0.17,COD,8,1.3,1615.59,23
10722,12/23/2023,1498,Electronics,Male,West,5,373.52,0.29,Card,7,3.2,1326,20
10723,12/24/2023,1753,Beauty,Male,South,7,417.65,0.29,Card,7,1.2,2075.72,18
10724,12/25/2023,1034,Clothing,Male,West,3,314.95,0.3,Card,9,3,661.39,35
10725,12/26/2023,1726,Clothing,Male,North,5,293.26,0.28,COD,8,4.9,1055.74,44
10726,12/27/2023,1848,Beauty,Female,East,6,392.38,0.17,Card,8,2.2,1954.05,31
10727,12/28/2023,1089,Electronics,Male,North,1,341.12,0.13,Card,6,3.9,296.77,28
10728,12/29/2023,1775,Clothing,Female,West,3,391.71,0.29,Wallet,7,4,834.34,26
10729,12/30/2023,1604,Electronics,Female,West,2,373.52,0.17,COD,8,2.6,620.04,58
10730,12/31/2023,1921,Clothing,Female,East,2,435.73,0.09,COD,5,3.4,793.03,33
10731,01-01-2024,1969,Home,Male,South,4,391.04,0.18,Card,10,2.9,1282.61,35
10732,01-02-2024,1601,Clothing,Female,North,2,319.05,0.05,COD,2,2.1,606.2,36
10733,01-03-2024,1417,Beauty,Male,East,5,413.85,0.24,Card,7,4,1572.63,38
10734,01-04-2024,1114,Clothing,Female,East,2,277.95,0.12,Wallet,10,3.8,489.19,21
10735,01-05-2024,1616,Electronics,Male,East,2,156.38,0.09,Card,3,4.6,284.61,20
10736,01-06-2024,1902,Electronics,Female,North,2,15.83,0.33,COD,10,3.5,21.21,24
10737,01-07-2024,1195,Clothing,Female,North,3,342.58,0.27,COD,11,2.6,750.25,27
10738,01-08-2024,1825,Clothing,Female,North,4,360.53,0.28,COD,8,3.9,1038.33,20
10739,01-09-2024,1500,Electronics,Female,South,1,583.65,0.22,Wallet,6,3.5,455.25,51
10740,01-10-2024,1625,Clothing,Male,East,4,226.46,0.29,Card,11,3.5,643.15,47
10741,01-11-2024,1492,Clothing,Female,West,5,245.57,0.27,Card,4,4.4,896.33,26
10742,01-12-2024,1074,Home,Female,West,3,133.05,0.21,COD,2,4.6,315.33,29
10743,1/13/2024,1412,Home,Female,East,6,56.26,0.34,COD,7,1.7,222.79,19
10744,1/14/2024,1375,Home,Male,West,3,467.09,0.07,Card,1,2.3,1303.18,24
10745,1/15/2024,1419,Electronics,Female,South,7,161.06,0.33,Card,7,3.6,755.37,33
10746,1/16/2024,1728,Electronics,Female,South,2,371.21,0.14,COD,10,3.2,638.48,18
10747,1/17/2024,1276,Home,Male,North,2,417.35,0.18,Wallet,10,3.6,684.45,34
10748,1/18/2024,1760,Clothing,Female,North,5,290.67,0.04,COD,7,2.7,1395.22,32
10749,1/19/2024,1675,Electronics,Male,North,6,527.67,0.19,Wallet,10,2.6,2564.48,19
10750,1/20/2024,1393,Home,Female,North,7,274.62,0.21,COD,3,1.5,1518.65,64
10751,1/21/2024,1868,Home,Male,North,3,181.67,0.35,Card,4,3.5,354.26,18
10752,1/22/2024,1456,Clothing,Male,West,6,539.17,0.34,Card,4,1.7,2135.11,43
10753,1/23/2024,1919,Electronics,Female,West,1,519.02,0.34,COD,4,3.7,342.55,34
10754,1/24/2024,1191,Home,Female,North,4,110.96,0.12,COD,9,4.9,390.58,43
10755,1/25/2024,1738,Clothing,Female,South,3,30.19,0.35,COD,6,2,58.87,33
10756,1/26/2024,1688,Home,Female,West,6,67.64,0.16,COD,10,1.6,340.91,57
10757,1/27/2024,1098,Home,Female,South,1,182.63,0.3,Wallet,9,1.1,127.84,23
10758,1/28/2024,1547,Home,Female,South,1,583.77,0.08,COD,4,2.5,537.07,24
10759,1/29/2024,1977,Clothing,Female,East,7,341.73,0.18,Card,7,1.9,1961.53,32
10760,1/30/2024,1998,Electronics,Female,East,7,233.36,0.34,Card,10,3,1078.12,19
10761,1/31/2024,1095,Home,Female,North,4,534.9,0.33,COD,9,3.1,1433.53,41
10762,02-01-2024,1663,Clothing,Female,South,1,280.08,0.24,Wallet,10,2.4,212.86,30
10763,02-02-2024,1662,Home,Female,West,5,199.41,0.28,Card,3,4,717.88,31
10764,02-03-2024,1189,Electronics,Male,East,1,565.61,0.06,Wallet,3,4.6,531.67,31
10765,02-04-2024,1735,Electronics,Female,East,6,511.97,0.25,Wallet,6,1.8,2303.87,26
10766,02-05-2024,1036,Beauty,Male,South,7,508.55,0.22,COD,8,4.3,2776.68,71
10767,02-06-2024,1779,Home,Female,East,5,314.69,0.03,Card,1,1.5,1526.25,45
10768,02-07-2024,1368,Beauty,Female,East,7,476.82,0.04,Card,4,1.9,3204.23,51
10769,02-08-2024,1694,Home,Male,West,7,119.92,0.04,Card,8,3.2,805.86,41
10770,02-09-2024,1524,Clothing,Male,South,7,350.34,0.25,Card,6,2.2,1839.28,46
10771,02-10-2024,1278,Home,Female,East,1,590.55,0.05,COD,2,1.2,561.02,27
10772,02-11-2024,1216,Beauty,Male,South,2,185.21,0.16,Card,8,2.2,311.15,25
10773,02-12-2024,1866,Clothing,Female,East,1,479.7,0.12,COD,1,4.6,422.14,32
10774,2/13/2024,1872,Clothing,Male,West,7,301.93,0.19,Card,1,1.7,1711.94,61
10775,2/14/2024,1797,Electronics,Male,South,5,38.29,0.25,Card,7,4.1,143.59,43
10776,2/15/2024,1272,Clothing,Female,East,1,461.37,0.24,COD,10,3.9,350.64,44
10777,2/16/2024,1880,Home,Female,West,7,113.61,0.18,Wallet,3,1.4,652.12,22
10778,2/17/2024,1061,Electronics,Female,East,7,384.41,0.16,COD,8,2.3,2260.33,24
10779,2/18/2024,1595,Electronics,Male,South,1,65.11,0.14,COD,9,1.8,55.99,35
10780,2/19/2024,1879,Electronics,Male,East,1,568.92,0.3,COD,8,1.1,398.24,45
10781,2/20/2024,1728,Electronics,Male,South,5,185.66,0.12,COD,1,1.7,816.9,43
10782,2/21/2024,1341,Electronics,Male,South,1,147.48,0.09,Wallet,1,1.8,134.21,21
10783,2/22/2024,1396,Clothing,Female,East,4,90.54,0.26,Card,6,1.7,268,24
10784,2/23/2024,1698,Beauty,Male,West,6,568.41,0.13,Wallet,1,1.4,2967.1,34
10785,2/24/2024,1018,Clothing,Female,North,4,431.46,0.3,Card,8,3.1,1208.09,63
10786,2/25/2024,1176,Electronics,Female,West,5,448.87,0.11,Wallet,6,2.3,1997.47,20
10787,2/26/2024,1611,Electronics,Male,West,2,307.15,0.25,Card,5,4.6,460.72,34
10788,2/27/2024,1395,Home,Male,East,4,292.72,0.02,Wallet,6,1.7,1147.46,43
10789,2/28/2024,1444,Clothing,Female,West,7,79.36,0.13,Wallet,4,3.4,483.3,34
10790,2/29/2024,1232,Home,Male,West,6,342.51,0.12,Card,1,4.6,1808.45,34
10791,03-01-2024,1914,Home,Male,North,3,159.45,0.29,Wallet,7,1.2,339.63,25
10792,03-02-2024,1075,Home,Male,West,6,586.63,0.34,Card,10,3.1,2323.05,60
10793,03-03-2024,1264,Electronics,Female,North,4,481,0.16,Card,9,2.8,1616.16,24
10794,03-04-2024,1454,Home,Female,East,3,256.6,0.29,Card,4,4.7,546.56,22
10795,03-05-2024,1795,Electronics,Male,North,5,103.53,0.24,Wallet,4,3.7,393.41,21
10796,03-06-2024,1717,Beauty,Female,South,6,474.42,0.34,COD,9,2.4,1878.7,26
10797,03-07-2024,1734,Clothing,Female,South,2,86.4,0.28,COD,4,3.8,124.42,43
10798,03-08-2024,1383,Electronics,Male,North,3,125.76,0.03,COD,10,3.3,365.96,27
10799,03-09-2024,1563,Electronics,Male,South,3,138.74,0.25,Wallet,4,2.4,312.17,44
10800,03-10-2024,1850,Electronics,Male,East,6,340.78,0.19,COD,8,4.1,1656.19,55
10801,03-11-2024,1505,Home,Female,South,4,475.43,0.01,Card,11,3.7,1882.7,22
10802,03-12-2024,1366,Electronics,Male,North,3,198.87,0.09,Card,4,1,542.92,56
10803,3/13/2024,1143,Clothing,Male,East,5,64.53,0.32,Card,9,4.5,219.4,41
10804,3/14/2024,1884,Electronics,Female,South,6,286.76,0.32,COD,11,2.6,1169.98,24
10805,3/15/2024,1068,Home,Male,East,5,452.64,0.28,Card,8,3.6,1629.5,33
10806,3/16/2024,1098,Home,Male,North,6,144.67,0.34,Card,5,2.6,572.89,32
10807,3/17/2024,1395,Home,Female,South,5,143.66,0.28,Wallet,9,4.5,517.18,30
10808,3/18/2024,1024,Home,Male,East,4,569.13,0,Card,8,3.6,2276.52,53
10809,3/19/2024,1947,Electronics,Female,East,6,573.18,0.1,COD,10,3.3,3095.17,43
10810,3/20/2024,1890,Electronics,Female,South,7,594.42,0.01,Card,4,4.9,4119.33,27
10811,3/21/2024,1468,Home,Male,East,2,487.48,0.03,Card,4,2.1,945.71,45
10812,3/22/2024,1483,Clothing,Male,East,4,125.09,0.08,Card,1,1.3,460.33,32
10813,3/23/2024,1564,Clothing,Male,North,5,139.01,0.18,Card,4,3.1,569.94,57
10814,3/24/2024,1150,Electronics,Female,North,6,214.03,0.3,Wallet,8,2.7,898.93,31
10815,3/25/2024,1143,Electronics,Female,North,4,201.11,0.3,Card,5,2.8,563.11,19
10816,3/26/2024,1568,Electronics,Male,North,5,574.57,0.22,Card,6,3.5,2240.82,29
10817,3/27/2024,1038,Beauty,Male,North,1,476.61,0.32,COD,4,3.5,324.09,39
10818,3/28/2024,1108,Electronics,Female,North,1,438.55,0.18,COD,5,2.6,359.61,23
10819,3/29/2024,1692,Clothing,Female,South,3,123.79,0.31,COD,10,4.5,256.25,45
10820,3/30/2024,1041,Electronics,Male,North,2,547.07,0.16,Wallet,8,3.6,919.08,40
10821,3/31/2024,1185,Home,Female,East,1,499.3,0.1,COD,9,4.6,449.37,24
10822,04-01-2024,1934,Electronics,Female,South,7,110.73,0.32,Card,3,4.7,527.07,33
10823,04-02-2024,1397,Beauty,Male,East,5,524.63,0.14,Wallet,10,1.7,2255.91,61
10824,04-03-2024,1222,Beauty,Female,North,4,174.26,0.18,COD,4,3.7,571.57,24
10825,04-04-2024,1633,Electronics,Male,North,6,62.31,0.12,Card,1,2.3,329,28
10826,04-05-2024,1132,Beauty,Male,East,4,399.24,0.23,Card,11,4.3,1229.66,41
10827,04-06-2024,1162,Beauty,Male,East,3,397.48,0.35,Card,5,3.9,775.09,23
10828,04-07-2024,1214,Home,Male,East,4,70.54,0.01,Card,4,1.8,279.34,48
10829,04-08-2024,1732,Home,Male,West,1,201.53,0.31,Card,6,4.8,139.06,34
10830,04-09-2024,1234,Electronics,Male,West,4,595.8,0,Card,6,3.7,2383.2,33
10831,04-10-2024,1842,Clothing,Male,West,1,411.88,0.13,Wallet,10,4.8,358.34,23
10832,04-11-2024,1657,Electronics,Male,West,1,442.09,0.06,Wallet,6,1.8,415.56,28
10833,04-12-2024,1750,Electronics,Female,South,2,139.56,0.27,COD,3,4.5,203.76,44
10834,4/13/2024,1587,Beauty,Female,North,3,61.09,0.02,Wallet,7,3.7,179.6,43
10835,4/14/2024,1008,Electronics,Male,East,7,176.99,0.19,Card,3,3.2,1003.53,34
10836,4/15/2024,1073,Home,Female,North,7,160.61,0.1,Wallet,6,4.3,1011.84,33
10837,4/16/2024,1953,Home,Male,East,5,152.21,0.05,COD,10,3.5,723,40
10838,4/17/2024,1491,Beauty,Male,North,7,127.76,0.27,Card,1,3.7,652.85,33
10839,4/18/2024,1912,Beauty,Female,South,1,351.23,0.08,Card,8,2,323.13,21
10840,4/19/2024,1252,Electronics,Female,West,6,206.94,0.08,Card,7,4.3,1142.31,48
10841,4/20/2024,1229,Electronics,Male,North,3,494.9,0.1,Card,9,3.6,1336.23,52
10842,4/21/2024,1518,Clothing,Male,East,5,122.61,0.21,Card,3,4.4,484.31,30
10843,4/22/2024,1173,Electronics,Male,North,7,286.81,0.23,Card,8,2.4,1545.91,69
10844,4/23/2024,1652,Electronics,Female,South,7,22.99,0.01,Card,2,2.3,159.32,31
10845,4/24/2024,1167,Clothing,Female,South,6,296.78,0.08,Card,9,1.1,1638.23,39
10846,4/25/2024,1169,Home,Female,North,4,47.67,0.15,Wallet,1,4.1,162.08,30
10847,4/26/2024,1392,Clothing,Male,West,3,586.97,0.12,Card,10,2.3,1549.6,63
10848,4/27/2024,1945,Electronics,Male,East,6,477.5,0.31,Card,7,2.3,1976.85,57
10849,4/28/2024,1794,Home,Female,South,7,301.72,0.28,COD,10,3.8,1520.67,39
10850,4/29/2024,1633,Electronics,Male,South,3,65.65,0.22,Wallet,1,2,153.62,63
10851,4/30/2024,1193,Electronics,Female,North,3,361.58,0.12,Card,6,4.6,954.57,19
10852,05-01-2024,1516,Home,Female,South,7,458.88,0.25,Wallet,1,3.2,2409.12,51
10853,05-02-2024,1028,Clothing,Male,South,4,126.57,0.3,Card,4,4.9,354.4,27
10854,05-03-2024,1164,Home,Female,East,4,347.4,0.21,Card,7,1.3,1097.78,37
10855,05-04-2024,1421,Electronics,Male,West,7,491.31,0.27,Card,2,2.3,2510.59,38
10856,05-05-2024,1338,Home,Female,East,3,464.42,0.26,COD,3,2.5,1031.01,40
10857,05-06-2024,1647,Clothing,Male,West,6,484.75,0.2,Card,4,3.9,2326.8,32
10858,05-07-2024,1495,Clothing,Female,East,2,529.4,0.11,COD,6,1.9,942.33,21
10859,05-08-2024,1364,Clothing,Female,North,1,563.54,0.26,Card,9,2.5,417.02,41
10860,05-09-2024,1832,Beauty,Male,South,4,252.23,0.07,COD,4,4.6,938.3,29
10861,05-10-2024,1341,Clothing,Male,West,7,347.73,0.27,Card,6,1.5,1776.9,19
10862,05-11-2024,1499,Clothing,Female,North,2,477.54,0.28,COD,7,4,687.66,22
10863,05-12-2024,1656,Beauty,Female,South,4,422.83,0.29,COD,4,3.8,1200.84,53
10864,5/13/2024,1510,Home,Male,South,3,597.38,0.17,COD,6,1.5,1487.48,26
10865,5/14/2024,1326,Clothing,Male,South,7,23,0.07,Card,3,3.8,149.73,30
10866,5/15/2024,1216,Home,Male,East,2,222.75,0.03,Wallet,5,3.3,432.14,28
10867,5/16/2024,1300,Clothing,Male,North,7,179.4,0.26,COD,11,2.2,929.29,40
10868,5/17/2024,1131,Electronics,Female,North,6,168.45,0.31,Card,10,2.2,697.38,35
10869,5/18/2024,1803,Clothing,Female,South,6,145.18,0.23,Wallet,4,4.3,670.73,55
10870,5/19/2024,1069,Beauty,Male,West,5,429.84,0.05,COD,7,1.9,2041.74,39
10871,5/20/2024,1251,Beauty,Female,North,1,64.58,0.33,COD,6,3.1,43.27,37
10872,5/21/2024,1414,Electronics,Male,East,1,448.84,0.35,Card,7,3.7,291.75,25
10873,5/22/2024,1786,Clothing,Male,West,4,420.65,0.15,COD,6,1.5,1430.21,54
10874,5/23/2024,1444,Electronics,Female,West,1,161.72,0.21,Card,2,4.7,127.76,46
10875,5/24/2024,1875,Beauty,Male,West,7,162.91,0.27,Card,7,2,832.47,36
10876,5/25/2024,1181,Beauty,Male,West,7,382.88,0.26,Card,8,2.3,1983.32,19
10877,5/26/2024,1166,Clothing,Male,North,5,460.87,0.34,COD,7,3.7,1520.87,49
10878,5/27/2024,1090,Home,Male,South,6,527.74,0.04,Card,4,1.3,3039.78,29
10879,5/28/2024,1713,Home,Male,West,2,513.5,0.2,Wallet,4,3.5,821.6,64
10880,5/29/2024,1857,Clothing,Female,East,2,579.46,0.24,Card,5,4.7,880.78,19
10881,5/30/2024,1530,Electronics,Female,East,6,355.11,0.31,Card,9,2,1470.16,23
10882,5/31/2024,1038,Clothing,Male,South,3,546.56,0.31,COD,5,2.4,1131.38,19
10883,06-01-2024,1125,Home,Female,North,6,487.98,0.34,COD,2,1.9,1932.4,18
10884,06-02-2024,1450,Home,Female,South,2,538.38,0.18,Card,5,4.3,882.94,42
10885,06-03-2024,1172,Clothing,Male,West,4,21.8,0.29,Card,3,1.7,61.91,24
10886,06-04-2024,1652,Beauty,Male,North,5,580.05,0.15,Card,10,2.4,2465.21,54
10887,06-05-2024,1753,Electronics,Female,North,6,292.02,0.15,COD,8,3.4,1489.3,40
10888,06-06-2024,1219,Clothing,Male,West,3,481.94,0.09,Card,10,2.6,1315.7,22
10889,06-07-2024,1637,Home,Female,East,4,89.41,0.29,COD,10,1.3,253.92,19
10890,06-08-2024,1057,Home,Male,West,6,246.63,0.35,COD,2,4.8,961.86,27
10891,06-09-2024,1659,Clothing,Male,South,4,173.8,0.09,Card,11,2.4,632.63,33
10892,06-10-2024,1475,Electronics,Female,West,6,185.62,0.02,Card,4,2.8,1091.45,19
10893,06-11-2024,1455,Electronics,Male,East,4,87.1,0.29,Card,5,1.7,247.36,25
10894,06-12-2024,1828,Clothing,Female,West,7,486.37,0.22,Card,4,4.5,2655.58,38
10895,6/13/2024,1894,Clothing,Female,South,1,20.41,0.34,COD,5,2.2,13.47,26
10896,6/14/2024,1360,Electronics,Male,South,4,197.82,0.09,COD,10,1.1,720.06,28
10897,6/15/2024,1934,Home,Male,East,7,117.03,0.02,COD,11,2.3,802.83,45
10898,6/16/2024,1000,Clothing,Male,South,1,359.59,0.17,Card,4,4.9,298.46,48
10899,6/17/2024,1386,Home,Female,South,2,163.74,0.03,Wallet,3,1.6,317.66,25
10900,6/18/2024,1972,Home,Male,West,1,166.51,0.09,Card,1,1.1,151.52,41
10901,6/19/2024,1347,Electronics,Female,North,4,300.68,0.04,Card,4,3.3,1154.61,24
10902,6/20/2024,1189,Electronics,Male,South,5,396.82,0.08,COD,9,2.5,1825.37,18
10903,6/21/2024,1504,Home,Female,South,5,85.96,0.04,Wallet,1,4.2,412.61,28
10904,6/22/2024,1190,Clothing,Male,East,2,117.67,0.33,Card,7,3.9,157.68,40
10905,6/23/2024,1507,Home,Male,East,4,159.6,0.1,COD,3,1.7,574.56,61
10906,6/24/2024,1368,Home,Male,West,1,584.64,0.16,Wallet,8,3.3,491.1,26
10907,6/25/2024,1408,Home,Male,West,5,247.33,0.31,COD,6,1.1,853.29,29
10908,6/26/2024,1823,Beauty,Male,South,6,365.41,0.24,Card,1,2.8,1666.27,34
10909,6/27/2024,1928,Clothing,Male,North,3,156.3,0.22,Wallet,10,3.9,365.74,65
10910,6/28/2024,1933,Clothing,Female,North,4,301.92,0.25,COD,5,2.7,905.76,41
10911,6/29/2024,1116,Clothing,Male,West,7,58.36,0.29,COD,8,1.5,290.05,48
10912,6/30/2024,1133,Electronics,Male,East,7,35.32,0.31,COD,11,1.2,170.6,26
10913,07-01-2024,1057,Clothing,Male,South,6,289.21,0.22,Wallet,3,4.4,1353.5,43
10914,07-02-2024,1555,Electronics,Female,South,6,248.22,0.31,Card,4,4.6,1027.63,19
10915,07-03-2024,1684,Beauty,Female,North,4,95.07,0.19,Card,7,2.4,308.03,28
10916,07-04-2024,1671,Clothing,Female,West,3,417.25,0.1,COD,11,1.7,1126.58,52
10917,07-05-2024,1172,Clothing,Female,North,5,595.85,0.31,Card,6,4.9,2055.68,22
10918,07-06-2024,1828,Clothing,Male,North,3,246.45,0.19,Card,7,3.2,598.87,39
10919,07-07-2024,1814,Electronics,Female,West,2,380.37,0.32,COD,9,2.9,517.3,59
10920,07-08-2024,1148,Electronics,Female,East,1,578.34,0.01,Card,9,4,572.56,51
10921,07-09-2024,1079,Clothing,Male,South,1,501.45,0.14,COD,2,1.7,431.25,63
10922,07-10-2024,1885,Electronics,Male,East,6,286.18,0.33,Wallet,3,3.3,1150.44,18
10923,07-11-2024,1212,Clothing,Female,West,5,446.43,0.09,Card,4,4.6,2031.26,61
10924,07-12-2024,1202,Beauty,Female,West,3,89.96,0.33,Wallet,6,1.1,180.82,37
10925,7/13/2024,1763,Beauty,Male,South,6,314.58,0.33,Card,5,3.7,1264.61,74
10926,7/14/2024,1228,Home,Male,East,4,178.25,0.31,Wallet,6,3.2,491.97,65
10927,7/15/2024,1675,Electronics,Male,South,6,109.28,0.2,Wallet,11,4.8,524.54,37
10928,7/16/2024,1226,Beauty,Male,North,4,264.37,0.23,Card,8,2,814.26,51
10929,7/17/2024,1658,Beauty,Female,North,4,91.64,0.3,Card,2,4.4,256.59,33
10930,7/18/2024,1531,Electronics,Female,North,2,423.91,0.27,Card,6,2.2,618.91,45
10931,7/19/2024,1440,Home,Female,East,2,281.9,0.22,Wallet,9,2.7,439.76,28
10932,7/20/2024,1401,Electronics,Male,North,4,325.72,0.34,Wallet,5,1.9,859.9,49
10933,7/21/2024,1046,Home,Male,South,5,100.63,0.24,Card,1,4.5,382.39,47
10934,7/22/2024,1232,Beauty,Female,East,2,96.77,0.34,COD,8,1.8,127.74,45
10935,7/23/2024,1304,Electronics,Male,South,2,356.3,0.02,Card,4,4.4,698.35,29
10936,7/24/2024,1525,Beauty,Male,West,1,591.23,0.05,COD,8,2.8,561.67,25
10937,7/25/2024,1142,Clothing,Female,East,6,71.31,0.16,Wallet,4,4.3,359.4,28
10938,7/26/2024,1414,Beauty,Male,South,1,182.15,0.13,Card,11,2.1,158.47,18
10939,7/27/2024,1512,Clothing,Male,South,5,523.63,0.27,Wallet,8,1.5,1911.25,53
10940,7/28/2024,1372,Home,Male,East,2,57.28,0.06,Wallet,9,3.2,107.69,36
10941,7/29/2024,1565,Electronics,Female,West,7,527.39,0.34,Wallet,5,3,2436.54,23
10942,7/30/2024,1885,Electronics,Female,East,2,321.71,0.11,Card,5,2.4,572.64,34
10943,7/31/2024,1258,Electronics,Female,North,3,253.84,0.15,Card,2,3.7,647.29,27
10944,08-01-2024,1655,Beauty,Male,North,5,196.16,0.1,Card,9,1.4,882.72,56
10945,08-02-2024,1470,Home,Female,West,7,188.81,0.2,COD,11,3.5,1057.34,56
10946,08-03-2024,1952,Beauty,Male,South,6,193.89,0.02,COD,4,1.8,1140.07,52
10947,08-04-2024,1970,Beauty,Male,South,6,532.61,0.05,Card,3,1.5,3035.88,30
10948,08-05-2024,1011,Electronics,Female,South,7,438.42,0.26,COD,2,4.6,2271.02,37
10949,08-06-2024,1329,Clothing,Male,East,6,406.79,0.07,Card,3,2.8,2269.89,34
10950,08-07-2024,1735,Electronics,Male,East,7,482.27,0.08,Card,4,4.1,3105.82,31
10951,08-08-2024,1783,Electronics,Female,West,5,165.41,0.28,Card,9,1.4,595.48,65
10952,08-09-2024,1967,Electronics,Male,North,7,376.56,0.03,Card,6,1.2,2556.84,26
10953,08-10-2024,1357,Clothing,Male,South,7,284.14,0.15,Card,10,3,1690.63,29
10954,08-11-2024,1971,Electronics,Male,North,3,472.73,0.01,Card,5,2.3,1404.01,21
10955,08-12-2024,1407,Electronics,Male,East,3,195.91,0.12,Wallet,9,1,517.2,38
10956,8/13/2024,1667,Electronics,Male,East,1,391.26,0.24,COD,8,1.7,297.36,36
10957,8/14/2024,1372,Electronics,Male,East,5,531.09,0.03,Card,6,1.9,2575.79,58
10958,8/15/2024,1007,Beauty,Male,North,5,250.26,0.31,COD,3,2.2,863.4,21
10959,8/16/2024,1121,Home,Female,West,3,53.97,0.32,COD,7,4.5,110.1,25
10960,8/17/2024,1347,Beauty,Male,West,4,316.89,0.04,Card,10,2.7,1216.86,24
10961,8/18/2024,1675,Clothing,Male,East,4,217.39,0.35,COD,6,3.7,565.21,29
10962,8/19/2024,1089,Electronics,Male,South,1,408.25,0.1,COD,11,1.1,367.42,26
10963,8/20/2024,1647,Home,Male,North,4,571.35,0.03,COD,8,4.3,2216.84,27
10964,8/21/2024,1697,Electronics,Male,East,4,299.08,0,COD,6,2,1196.32,60
10965,8/22/2024,1315,Electronics,Male,North,4,287.72,0.14,COD,11,2.2,989.76,38
10966,8/23/2024,1177,Electronics,Male,North,2,397.93,0.22,Card,10,1.2,620.77,47
10967,8/24/2024,1539,Electronics,Female,West,1,75.55,0.12,Wallet,4,2.6,66.48,47
10968,8/25/2024,1731,Electronics,Female,East,3,163.3,0.29,Card,10,4.4,347.83,33
10969,8/26/2024,1868,Clothing,Female,West,4,552.6,0.25,Wallet,7,2.5,1657.8,43
10970,8/27/2024,1040,Home,Male,East,6,406.92,0.12,Card,7,4.6,2148.54,29
10971,8/28/2024,1739,Electronics,Male,North,7,22.86,0.26,Card,11,4.5,118.41,40
10972,8/29/2024,1703,Electronics,Female,West,2,134.71,0.33,COD,8,1.2,180.51,44
10973,8/30/2024,1922,Home,Male,North,4,414.46,0.03,Card,2,2.2,1608.1,34
10974,8/31/2024,1501,Electronics,Male,East,7,462.17,0.11,Wallet,11,4.6,2879.32,22
10975,09-01-2024,1958,Electronics,Male,South,7,506.32,0.16,Card,6,1.1,2977.16,55
10976,09-02-2024,1144,Beauty,Male,West,2,185.92,0.17,COD,3,4.1,308.63,31
10977,09-03-2024,1200,Electronics,Female,West,1,559.65,0.19,Card,8,4.6,453.32,30
10978,09-04-2024,1928,Electronics,Female,North,6,338.47,0.11,Card,4,4.1,1807.43,36
10979,09-05-2024,1723,Clothing,Male,North,6,422.48,0.23,Card,4,4,1951.86,18
10980,09-06-2024,1460,Electronics,Female,South,6,364.09,0.23,COD,2,4.4,1682.1,63
10981,09-07-2024,1731,Clothing,Female,West,4,86.8,0.2,COD,6,3.7,277.76,19
10982,09-08-2024,1751,Home,Male,East,2,578.42,0.04,COD,6,2.7,1110.57,41
10983,09-09-2024,1924,Electronics,Male,East,6,86.88,0.17,Wallet,1,1.3,432.66,48
10984,09-10-2024,1908,Clothing,Male,West,7,164.11,0.12,COD,8,4.2,1010.92,40
10985,09-11-2024,1557,Clothing,Male,West,7,490.97,0.17,Wallet,3,4.6,2852.54,19
10986,09-12-2024,1546,Electronics,Female,West,5,376.88,0.32,Card,1,3,1281.39,18
10987,9/13/2024,1252,Clothing,Female,South,5,505.32,0.17,Card,10,3.1,2097.08,41
10988,9/14/2024,1389,Electronics,Female,East,2,316.71,0,Card,1,2.6,633.42,36
10989,9/15/2024,1593,Clothing,Female,East,4,235.54,0.15,Card,1,4.4,800.84,60
10990,9/16/2024,1882,Electronics,Male,North,4,554.28,0.29,COD,5,1.1,1574.16,53
10991,9/17/2024,1255,Clothing,Female,North,1,36.21,0.27,COD,5,3.5,26.43,22
10992,9/18/2024,1708,Electronics,Male,West,1,515.84,0.18,COD,1,4.6,422.99,30
10993,9/19/2024,1814,Home,Male,North,6,150.03,0.09,COD,5,1.4,819.16,37
10994,9/20/2024,1920,Electronics,Female,South,3,511.51,0.16,Wallet,7,4.8,1289.01,18
10995,9/21/2024,1449,Clothing,Male,East,7,96.43,0.2,Wallet,5,4.9,540.01,25
10996,9/22/2024,1009,Clothing,Female,East,1,354.43,0.35,Card,9,4.7,230.38,23
10997,9/23/2024,1823,Home,Male,North,4,534.54,0.23,Card,4,2.9,1646.38,36
10998,9/24/2024,1797,Clothing,Female,West,7,292.02,0.24,Card,9,2.5,1553.55,45
10999,9/25/2024,1241,Home,Female,North,3,451.74,0.17,Card,8,3.8,1124.83,20
11000,9/27/2024,1876,Beauty,Male,South,2,445.85,0.28,COD,4,1.3,642.02,46